2025-06-20 15:47:35,482 [INFO] \U0001f50d Starting to add evaluations to enriched JSON files...
2025-06-20 15:47:35,496 [WARNING] No evaluations found for idFreelancer=None in 00a2aa5c43a94f625ebf713cb5bfb091.json.
2025-06-20 15:47:35,499 [WARNING] No evaluations found for idFreelancer=14916 in 00b99e87221c9afb0c0c23c3fb403307.json.
2025-06-20 15:47:35,504 [WARNING] No evaluations found for idFreelancer=None in 01741e5669e3f7622b92810ab0449276.json.
2025-06-20 15:47:35,508 [WARNING] No evaluations found for idFreelancer=9552 in 019fa4fdf1c04cf73ba25aa2223769cd.json.
2025-06-20 15:47:35,513 [WARNING] No evaluations found for idFreelancer=None in 01bebc8e971d09cb90cf5756b340f24c.json.
2025-06-20 15:47:35,515 [WARNING] No evaluations found for idFreelancer=8473 in 023d0a5671efd29e80b4deef8262e297.json.
2025-06-20 15:47:35,520 [WARNING] No evaluations found for idFreelancer=17100 in 023f12b8e1d9987cc9a497bb7beeb93b.json.
2025-06-20 15:47:35,524 [WARNING] No evaluations found for idFreelancer=9684 in 03287fcce194dbd958c2ec5b33705912.json.
2025-06-20 15:47:35,527 [WARNING] No evaluations found for idFreelancer=14421 in 036ad3e516c5bf3a4b3be35b137bcbb8.json.
2025-06-20 15:47:35,530 [WARNING] No evaluations found for idFreelancer=None in 03bc8e45ce4903b86f933ebb1fedbc44.json.
2025-06-20 15:47:35,533 [WARNING] No evaluations found for idFreelancer=1089 in 03f544613917945245041ea1581df0c2.json.
2025-06-20 15:47:35,537 [WARNING] No evaluations found for idFreelancer=367 in 05049e90fa4f5039a8cadc6acbb4b2cc.json.
2025-06-20 15:47:35,541 [WARNING] No evaluations found for idFreelancer=14046 in 050553d40196ef109fff37cbb40aaf28.json.
2025-06-20 15:47:35,544 [WARNING] No evaluations found for idFreelancer=17521 in 05187e56cce6ec71e229dc98e8bf27f0.json.
2025-06-20 15:47:35,547 [WARNING] No evaluations found for idFreelancer=None in 05311655a15b75fab86956663e1819cd.json.
2025-06-20 15:47:35,550 [WARNING] No evaluations found for idFreelancer=None in 054d8676703eb94453c7239558b16daf.json.
2025-06-20 15:47:35,554 [WARNING] No evaluations found for idFreelancer=18789 in 06f16510fb0dc706bb81d01ff33df729.json.
2025-06-20 15:47:35,558 [WARNING] No evaluations found for idFreelancer=None in 07042ac7d03d3b9911a00da43ce0079a.json.
2025-06-20 15:47:35,562 [WARNING] No evaluations found for idFreelancer=1583 in 076023edc9187cf1ac1f1163470e479a.json.
2025-06-20 15:47:35,566 [WARNING] No evaluations found for idFreelancer=249 in 077e29b11be80ab57e1a2ecabb7da330.json.
2025-06-20 15:47:35,571 [WARNING] No evaluations found for idFreelancer=None in 07a4e20a7bbeeb7a736682b26b16ebe8.json.
2025-06-20 15:47:35,577 [WARNING] No evaluations found for idFreelancer=8743 in 081be9fdff07f3bc808f935906ef70c0.json.
2025-06-20 15:47:35,582 [WARNING] No evaluations found for idFreelancer=7950 in 08808cfb5939be387af3c159b83c6b98.json.
2025-06-20 15:47:35,586 [WARNING] No evaluations found for idFreelancer=9299 in 096b826c74d0c38d76aa6dbae35ed59d.json.
2025-06-20 15:47:35,592 [WARNING] No evaluations found for idFreelancer=9254 in 09d90af096ee93aae1cecbb338d43020.json.
2025-06-20 15:47:35,596 [WARNING] No evaluations found for idFreelancer=8962 in 0a3df70393993583a13c0dd6686f3f32.json.
2025-06-20 15:47:35,600 [WARNING] No evaluations found for idFreelancer=19147 in 0a4afc550434c2fa75a83a3fbdb408d0.json.
2025-06-20 15:47:35,604 [WARNING] No evaluations found for idFreelancer=9091 in 0a7d7a81e8e3a20e4c34748e98ef45f6.json.
2025-06-20 15:47:35,609 [WARNING] No evaluations found for idFreelancer=8646 in 0a9fdbb17feb6ccb7ec405cfb85222c4.json.
2025-06-20 15:47:35,613 [WARNING] No evaluations found for idFreelancer=9764 in 0aa2ebf701adab64a123a01be6dcc018.json.
2025-06-20 15:47:35,616 [WARNING] No evaluations found for idFreelancer=12123 in 0acf03f408f90ea0dcba786d300620db.json.
2025-06-20 15:47:35,622 [WARNING] No evaluations found for idFreelancer=2091 in 0b1ec366924b26fc98fa7b71a9c249cf.json.
2025-06-20 15:47:35,627 [WARNING] No evaluations found for idFreelancer=9493 in 0b4078ee99ffc88fb383ffcdcd377d67.json.
2025-06-20 15:47:35,631 [WARNING] No evaluations found for idFreelancer=17262 in 0b823d8b45ee3eaf26e538b6cff6f451.json.
2025-06-20 15:47:35,634 [WARNING] No evaluations found for idFreelancer=None in 0c14d9e1250da76981b5fac734227f0a.json.
2025-06-20 15:47:35,639 [WARNING] No evaluations found for idFreelancer=8622 in 0c52d419a421fb13bb58357e67b7fb4b.json.
2025-06-20 15:47:35,644 [WARNING] No evaluations found for idFreelancer=8890 in 0cc6928e741d75e7a92396317522069e.json.
2025-06-20 15:47:35,647 [WARNING] No evaluations found for idFreelancer=None in 0ce98f53e3aa229aa2f31b16e5dcbb4b.json.
2025-06-20 15:47:35,650 [WARNING] No evaluations found for idFreelancer=None in 0d22da4bd124d386f5546323c45bc924.json.
2025-06-20 15:47:35,654 [WARNING] No evaluations found for idFreelancer=None in 0d2cf688695b43e2b42d77b481f71222.json.
2025-06-20 15:47:35,659 [WARNING] No evaluations found for idFreelancer=413 in 0deb1c54814305ca9ad266f53bc82511.json.
2025-06-20 15:47:35,663 [WARNING] No evaluations found for idFreelancer=1183 in 0e095e054ee94774d6a496099eb1cf6a.json.
2025-06-20 15:47:35,666 [WARNING] No evaluations found for idFreelancer=7554 in 0e16366727185813f59d4a9467878901.json.
2025-06-20 15:47:35,670 [WARNING] No evaluations found for idFreelancer=13237 in 0e762b65028402721e10bbc97ede52b7.json.
2025-06-20 15:47:35,675 [WARNING] No evaluations found for idFreelancer=15919 in 0ebcdb06cf4d039f0d08b356c26bc466.json.
2025-06-20 15:47:35,679 [WARNING] No evaluations found for idFreelancer=7863 in 0ef037ce94ff9b7930d095a7e2ffee1f.json.
2025-06-20 15:47:35,682 [WARNING] No evaluations found for idFreelancer=14530 in 0f701e22c252a24d9449e829b0c21666.json.
2025-06-20 15:47:35,686 [WARNING] No evaluations found for idFreelancer=10209 in 0f83556a305d789b1d71815e8ea4f4b0.json.
2025-06-20 15:47:35,691 [WARNING] No evaluations found for idFreelancer=19309 in 0f8a6c1689a55493677426059495e532.json.
2025-06-20 15:47:35,695 [WARNING] No evaluations found for idFreelancer=7709 in 0f9cfb7a9acced8a4167ea8006fdd080.json.
2025-06-20 15:47:35,697 [WARNING] No evaluations found for idFreelancer=8822 in 1074cf6dee6fd3a453ea3fa9d190a430.json.
2025-06-20 15:47:35,699 [WARNING] No evaluations found for idFreelancer=8462 in 108670e12c6e0fcf4d959fc8d2eabef6.json.
2025-06-20 15:47:35,702 [WARNING] No evaluations found for idFreelancer=802 in 1141938ba2c2b13f5505d7c424ebae5f.json.
2025-06-20 15:47:35,704 [WARNING] No evaluations found for idFreelancer=9283 in 1147dc16a8e1b44eead07282cad093f8.json.
2025-06-20 15:47:35,707 [WARNING] No evaluations found for idFreelancer=None in 118d579a49f315ad23ee0ef10f564bdc.json.
2025-06-20 15:47:35,710 [WARNING] No evaluations found for idFreelancer=1898 in 11f524c3fbfeeca4aa916edcb6b6392e.json.
2025-06-20 15:47:35,712 [WARNING] No evaluations found for idFreelancer=9139 in 11f9e78e4899a78dedd439fc583b6693.json.
2025-06-20 15:47:35,715 [WARNING] No evaluations found for idFreelancer=18216 in 1255580674a2f99d63e59950c956bf97.json.
2025-06-20 15:47:35,717 [WARNING] No evaluations found for idFreelancer=13643 in 12c5d905338ad27185308ae3269ef888.json.
2025-06-20 15:47:35,720 [WARNING] No evaluations found for idFreelancer=17010 in 1345df26413e5a97ce4bddd35cad74b8.json.
2025-06-20 15:47:35,722 [WARNING] No evaluations found for idFreelancer=2058 in 1359aa933b48b754a2f54adb688bfa77.json.
2025-06-20 15:47:35,725 [WARNING] No evaluations found for idFreelancer=263 in 13f9896df61279c928f19721878fac41.json.
2025-06-20 15:47:35,727 [WARNING] No evaluations found for idFreelancer=None in 1427e10d92d23fb0476c58351417849e.json.
2025-06-20 15:47:35,729 [WARNING] No evaluations found for idFreelancer=7344 in 14da15db887a4b50efe5c1bc66537089.json.
2025-06-20 15:47:35,731 [WARNING] No evaluations found for idFreelancer=1804 in 14faf969228fc18fcd4fcf59437b0c97.json.
2025-06-20 15:47:35,733 [WARNING] No evaluations found for idFreelancer=13144 in 1572ed60024e708cf21c4c6f19e7d550.json.
2025-06-20 15:47:35,735 [INFO] Updated 158fc2ddd52ec2cf54d3c161f2dd6517.json with 2 evaluations.
2025-06-20 15:47:35,739 [WARNING] No evaluations found for idFreelancer=None in 15d496c747570c7e50bdcd422bee5576.json.
2025-06-20 15:47:35,741 [WARNING] No evaluations found for idFreelancer=19435 in 15ef9d499850bb871944e0b52083173a.json.
2025-06-20 15:47:35,743 [WARNING] No evaluations found for idFreelancer=10374 in 16a4d8f9442ec82c5d390079cad8f194.json.
2025-06-20 15:47:35,745 [WARNING] No evaluations found for idFreelancer=12060 in 16d8a58d14a62420c9a1cbc088035e31.json.
2025-06-20 15:47:35,747 [WARNING] No evaluations found for idFreelancer=19459 in 16e58d932f3bf986116b9802a7bfeb19.json.
2025-06-20 15:47:35,749 [WARNING] No evaluations found for idFreelancer=7149 in 16f852a6d01b6065c8ff5cc11caae9c6.json.
2025-06-20 15:47:35,750 [WARNING] No evaluations found for idFreelancer=19186 in 171b3569124a791f200cd7be51be1a43.json.
2025-06-20 15:47:35,753 [WARNING] No evaluations found for idFreelancer=7438 in 178b0113689dce8a7e48360c3886dc99.json.
2025-06-20 15:47:35,754 [WARNING] No evaluations found for idFreelancer=7923 in 17a3120e4e5fbdc3cb5b5f946809b06a.json.
2025-06-20 15:47:35,757 [WARNING] No evaluations found for idFreelancer=629 in 17d63b1625c816c22647a73e1482372b.json.
2025-06-20 15:47:35,758 [WARNING] No evaluations found for idFreelancer=627 in 185c29dc24325934ee377cfda20e414c.json.
2025-06-20 15:47:35,760 [WARNING] No evaluations found for idFreelancer=9258 in 1868f17c2c15b5eafdc3cce2f5ac97d5.json.
2025-06-20 15:47:35,761 [WARNING] No evaluations found for idFreelancer=14026 in 186a157b2992e7daed3677ce8e9fe40f.json.
2025-06-20 15:47:35,763 [WARNING] No evaluations found for idFreelancer=10187 in 18df51b97ccd68128e994804f3eccc87.json.
2025-06-20 15:47:35,764 [WARNING] No evaluations found for idFreelancer=13353 in 18e8bbd4a4a899afc26a4c8a12a1c308.json.
2025-06-20 15:47:35,766 [WARNING] No evaluations found for idFreelancer=8434 in 1906f3350e1fa43adced642ff351c943.json.
2025-06-20 15:47:35,768 [WARNING] No evaluations found for idFreelancer=None in 1943102704f8f8f3302c2b730728e023.json.
2025-06-20 15:47:35,770 [WARNING] No evaluations found for idFreelancer=10954 in 19ae449792fac7866a7d551fc38c08ed.json.
2025-06-20 15:47:35,772 [WARNING] No evaluations found for idFreelancer=None in 19bc916108fc6938f52cb96f7e087941.json.
2025-06-20 15:47:35,774 [WARNING] No evaluations found for idFreelancer=251 in 19f3cd308f1455b3fa09a282e0d496f4.json.
2025-06-20 15:47:35,776 [WARNING] No evaluations found for idFreelancer=17590 in 1a26a28c4beba1bd232cd88b972438cd.json.
2025-06-20 15:47:35,778 [WARNING] No evaluations found for idFreelancer=17501 in 1a81859544a7eff3e599b8c322559c00.json.
2025-06-20 15:47:35,779 [WARNING] No evaluations found for idFreelancer=13207 in 1a8207690ac54d845f7a57dd468970fa.json.
2025-06-20 15:47:35,781 [WARNING] No evaluations found for idFreelancer=11206 in 1ac978c8020be6d7212aa71d4f040fc3.json.
2025-06-20 15:47:35,782 [WARNING] No evaluations found for idFreelancer=15742 in 1b12189170921fa4ac5414db98f542de.json.
2025-06-20 15:47:35,784 [WARNING] No evaluations found for idFreelancer=8270 in 1b486d7a5189ebe8d8c46afc64b0d1b4.json.
2025-06-20 15:47:35,788 [WARNING] No evaluations found for idFreelancer=12163 in 1b5e669dd84003f7a70da7724e5cba93.json.
2025-06-20 15:47:35,791 [WARNING] No evaluations found for idFreelancer=8106 in 1b742ae215adf18b75449c6e272fd92d.json.
2025-06-20 15:47:35,793 [WARNING] No evaluations found for idFreelancer=None in 1b7dbe36e1322048b49ab4b2b2c735e9.json.
2025-06-20 15:47:35,795 [WARNING] No evaluations found for idFreelancer=12343 in 1c104b9c0accfca52ef21728eaf01453.json.
2025-06-20 15:47:35,797 [WARNING] No evaluations found for idFreelancer=None in 1c1d4df596d01da60385f0bb17a4a9e0.json.
2025-06-20 15:47:35,799 [WARNING] No evaluations found for idFreelancer=9154 in 1c330c47cabfad26af32d6249919ecb8.json.
2025-06-20 15:47:35,801 [WARNING] No evaluations found for idFreelancer=13251 in 1c383cd30b7c298ab50293adfecb7b18.json.
2025-06-20 15:47:35,803 [WARNING] No evaluations found for idFreelancer=None in 1c95ee9c76a4fb9258cb07573752bef7.json.
2025-06-20 15:47:35,806 [WARNING] No evaluations found for idFreelancer=None in 1c9884d82761f8718077f56cee0c1da4.json.
2025-06-20 15:47:35,808 [WARNING] No evaluations found for idFreelancer=16190 in 1cde2efe98ea537f5359cdd66941196d.json.
2025-06-20 15:47:35,810 [WARNING] No evaluations found for idFreelancer=7799 in 1de7d2b90d554be9f0db1c338e80197d.json.
2025-06-20 15:47:35,812 [WARNING] No evaluations found for idFreelancer=None in 1e056d2b0ebd5c878c550da6ac5d3724.json.
2025-06-20 15:47:35,814 [WARNING] No evaluations found for idFreelancer=12800 in 1e4dc58a5c8c8908a4d317d6ef44a4d0.json.
2025-06-20 15:47:35,816 [WARNING] No evaluations found for idFreelancer=8301 in 1e79596878b2320cac26dd792a6c51c9.json.
2025-06-20 15:47:35,817 [WARNING] No evaluations found for idFreelancer=850 in 1efa39bcaec6f3900149160693694536.json.
2025-06-20 15:47:35,820 [WARNING] No evaluations found for idFreelancer=19 in 1f0e3dad99908345f7439f8ffabdffc4.json.
2025-06-20 15:47:35,822 [WARNING] No evaluations found for idFreelancer=172 in 1ff8a7b5dc7a7d1f0ed65aaa29c04b1e.json.
2025-06-20 15:47:35,824 [WARNING] No evaluations found for idFreelancer=123 in 202cb962ac59075b964b07152d234b70.json.
2025-06-20 15:47:35,825 [WARNING] No evaluations found for idFreelancer=10514 in 206bb45f944accb7a4cd1f135786c415.json.
2025-06-20 15:47:35,827 [WARNING] No evaluations found for idFreelancer=2175 in 211c1e0b83b9c69fa9c4bdede203c1e3.json.
2025-06-20 15:47:35,829 [WARNING] No evaluations found for idFreelancer=18695 in 2134556f9140640adff936306ce87a24.json.
2025-06-20 15:47:35,831 [WARNING] No evaluations found for idFreelancer=None in 217eedd1ba8c592db97d0dbe54c7adfc.json.
2025-06-20 15:47:35,833 [WARNING] No evaluations found for idFreelancer=None in 218a0aefd1d1a4be65601cc6ddc1520e.json.
2025-06-20 15:47:35,835 [WARNING] No evaluations found for idFreelancer=16895 in 21eb2cde1194b85163cbd079f5962edf.json.
2025-06-20 15:47:35,838 [WARNING] No evaluations found for idFreelancer=None in 2201611d7a08ffda97e3e8c6b667a1bc.json.
2025-06-20 15:47:35,839 [WARNING] No evaluations found for idFreelancer=19551 in 2246409389f1ea413ff9c03b9e09ffb3.json.
2025-06-20 15:47:35,841 [WARNING] No evaluations found for idFreelancer=None in 232362afef787e622e4d148d7630445a.json.
2025-06-20 15:47:35,844 [WARNING] No evaluations found for idFreelancer=14381 in 235fba44e32ba4dd3a3f72db1a8a6846.json.
2025-06-20 15:47:35,846 [WARNING] No evaluations found for idFreelancer=17507 in 2365a4db507862569752334234a29b50.json.
2025-06-20 15:47:35,847 [WARNING] No evaluations found for idFreelancer=7195 in 23937b42f9273974570fb5a56a6652ee.json.
2025-06-20 15:47:35,849 [WARNING] No evaluations found for idFreelancer=2140 in 23c97e9cb93576e45d2feaf00d0e8502.json.
2025-06-20 15:47:35,851 [WARNING] No evaluations found for idFreelancer=None in 23d6c2965508b167da9c4bdcef3a2aa3.json.
2025-06-20 15:47:35,853 [WARNING] No evaluations found for idFreelancer=1284 in 242c100dc94f871b6d7215b868a875f8.json.
2025-06-20 15:47:35,857 [WARNING] No evaluations found for idFreelancer=8887 in 24357dd085d2c4b1a88a7e0692e60294.json.
2025-06-20 15:47:35,860 [WARNING] No evaluations found for idFreelancer=432 in 248e844336797ec98478f85e7626de4a.json.
2025-06-20 15:47:35,863 [WARNING] No evaluations found for idFreelancer=14053 in 249b96bd669d584de425cc8761d2ca9f.json.
2025-06-20 15:47:35,865 [INFO] Updated 24e6e6721e0a39950780dfb8f91e53ed.json with 2 evaluations.
2025-06-20 15:47:35,868 [WARNING] No evaluations found for idFreelancer=16092 in 24f984f75f37a51922de69604322ff08.json.
2025-06-20 15:47:35,871 [WARNING] No evaluations found for idFreelancer=12605 in 254b6cccc84a3b7e5c696e67c9ef656e.json.
2025-06-20 15:47:35,873 [WARNING] No evaluations found for idFreelancer=15018 in 258a4107301a12383aabed96ced22b66.json.
2025-06-20 15:47:35,875 [WARNING] No evaluations found for idFreelancer=2196 in 25db67c5657914454081c6a18e93d6dd.json.
2025-06-20 15:47:35,877 [WARNING] No evaluations found for idFreelancer=2263 in 26505e0494662534f633586941b77d0c.json.
2025-06-20 15:47:35,879 [WARNING] No evaluations found for idFreelancer=19204 in 27649dc46ea499041457767a5a703073.json.
2025-06-20 15:47:35,882 [WARNING] No evaluations found for idFreelancer=17260 in 278343ac714751e68175058a9bfb4e43.json.
2025-06-20 15:47:35,885 [WARNING] No evaluations found for idFreelancer=1155 in 285f89b802bcb2651801455c86d78f2a.json.
2025-06-20 15:47:35,888 [WARNING] No evaluations found for idFreelancer=1297 in 286674e3082feb7e5afb92777e48821f.json.
2025-06-20 15:47:35,890 [WARNING] No evaluations found for idFreelancer=1402 in 28fc2782ea7ef51c1104ccf7b9bea13d.json.
2025-06-20 15:47:35,891 [WARNING] No evaluations found for idFreelancer=17179 in 291ebc13dd6538bae3ec7959b8d770dc.json.
2025-06-20 15:47:35,893 [WARNING] No evaluations found for idFreelancer=None in 29515bb9a5d5e558e2b3ba71e3b6e037.json.
2025-06-20 15:47:35,895 [WARNING] No evaluations found for idFreelancer=1772 in 299570476c6f0309545110c592b6a63b.json.
2025-06-20 15:47:35,896 [WARNING] No evaluations found for idFreelancer=9385 in 29a9f8c8460e5e2be4edde557fd83712.json.
2025-06-20 15:47:35,899 [WARNING] No evaluations found for idFreelancer=13172 in 2a3d16448453d694b503aeebfd710aa7.json.
2025-06-20 15:47:35,902 [WARNING] No evaluations found for idFreelancer=1181 in 2ac2406e835bd49c70469acae337d292.json.
2025-06-20 15:47:35,905 [WARNING] No evaluations found for idFreelancer=14841 in 2aca752107ac2bde4cd02805118de503.json.
2025-06-20 15:47:35,907 [WARNING] No evaluations found for idFreelancer=11747 in 2af1e9eaa807096a11b32ed26ecc2cbb.json.
2025-06-20 15:47:35,909 [WARNING] No evaluations found for idFreelancer=None in 2b16a44bb65751bb0ebe5d8b42644bc4.json.
2025-06-20 15:47:35,911 [WARNING] No evaluations found for idFreelancer=11392 in 2b6bb5354a56ce256116b6b307a1ea10.json.
2025-06-20 15:47:35,912 [WARNING] No evaluations found for idFreelancer=7174 in 2b8dec786a8cdf5889309995733b54d4.json.
2025-06-20 15:47:35,914 [WARNING] No evaluations found for idFreelancer=523 in 2bb232c0b13c774965ef8558f0fbd615.json.
2025-06-20 15:47:35,915 [WARNING] No evaluations found for idFreelancer=13167 in 2bec63f5d312303621583b97ff7c68bf.json.
2025-06-20 15:47:35,916 [WARNING] No evaluations found for idFreelancer=None in 2c3ddf4bf13852db711dd1901fb517fa.json.
2025-06-20 15:47:35,919 [WARNING] No evaluations found for idFreelancer=16281 in 2c70bf4df3f4bfe2322ecf7a8803418c.json.
2025-06-20 15:47:35,921 [WARNING] No evaluations found for idFreelancer=2100 in 2cad8fa47bbef282badbb8de5374b894.json.
2025-06-20 15:47:35,924 [WARNING] No evaluations found for idFreelancer=1678 in 2cb6b10338a7fc4117a80da24b582060.json.
2025-06-20 15:47:35,925 [WARNING] No evaluations found for idFreelancer=None in 2d5321f0813775370f774070cad46fbe.json.
2025-06-20 15:47:35,927 [WARNING] No evaluations found for idFreelancer=18490 in 2dc78e6026928309d3d26dc6dbd0276e.json.
2025-06-20 15:47:35,928 [WARNING] No evaluations found for idFreelancer=18403 in 2df9225a03b1cfd5294697afe5cbcd91.json.
2025-06-20 15:47:35,929 [WARNING] No evaluations found for idFreelancer=8996 in 2e0d41e02c5be4668ec1b0730b3346a8.json.
2025-06-20 15:47:35,931 [WARNING] No evaluations found for idFreelancer=None in 2e584bf14f2b3b604af609a0d4ff1e8f.json.
2025-06-20 15:47:35,933 [WARNING] No evaluations found for idFreelancer=1168 in 2f29b6e3abc6ebdefb55456ea6ca5dc8.json.
2025-06-20 15:47:35,935 [WARNING] No evaluations found for idFreelancer=492 in 2f55707d4193dc27118a0f19a1985716.json.
2025-06-20 15:47:35,938 [WARNING] No evaluations found for idFreelancer=17454 in 302101902bd9140427edc0c41e139782.json.
2025-06-20 15:47:35,940 [WARNING] No evaluations found for idFreelancer=9604 in 30235b7b3a6bf005d284bb1666fab7d1.json.
2025-06-20 15:47:35,942 [WARNING] No evaluations found for idFreelancer=8508 in 3091d86c09a002e144f4ec506eada3d7.json.
2025-06-20 15:47:35,943 [WARNING] No evaluations found for idFreelancer=12004 in 30ec85b4d1ce02fe671cf56c94fe758b.json.
2025-06-20 15:47:35,944 [WARNING] No evaluations found for idFreelancer=None in 319e33a217f7368ff7ceef7731ccf024.json.
2025-06-20 15:47:35,945 [WARNING] No evaluations found for idFreelancer=9428 in 31d754e8615621112f3956fae2707df8.json.
2025-06-20 15:47:35,946 [WARNING] No evaluations found for idFreelancer=320 in 320722549d1751cf3f247855f937b982.json.
2025-06-20 15:47:35,948 [WARNING] No evaluations found for idFreelancer=1226 in 3210ddbeaa16948a702b6049b8d9a202.json.
2025-06-20 15:47:35,949 [WARNING] No evaluations found for idFreelancer=11235 in 32e19424b63cc63077a4031b87fb1010.json.
2025-06-20 15:47:35,950 [WARNING] No evaluations found for idFreelancer=13855 in 32f84b597629f37d9ef53d714fce6fa1.json.
2025-06-20 15:47:35,950 [WARNING] No evaluations found for idFreelancer=685 in 3328bdf9a4b9504b9398284244fe97c2.json.
2025-06-20 15:47:35,951 [WARNING] No evaluations found for idFreelancer=19382 in 3333c340e3fbea852ff31221049db563.json.
2025-06-20 15:47:35,954 [INFO] Updated 335f5352088d7d9bf74191e006d8e24c.json with 1 evaluations.
2025-06-20 15:47:35,956 [WARNING] No evaluations found for idFreelancer=9804 in 33a5435d4f945aa6154b31a73bab3b73.json.
2025-06-20 15:47:35,957 [WARNING] No evaluations found for idFreelancer=11380 in 340f2a36d43c3b00e592cf08cef006f1.json.
2025-06-20 15:47:35,959 [WARNING] No evaluations found for idFreelancer=495 in 35051070e572e47d2c26c241ab88307f.json.
2025-06-20 15:47:35,960 [WARNING] No evaluations found for idFreelancer=1281 in 351b33587c5fdd93bd42ef7ac9995a28.json.
2025-06-20 15:47:35,962 [WARNING] No evaluations found for idFreelancer=1325 in 3546ab441e56fa333f8b44b610d95691.json.
2025-06-20 15:47:35,963 [WARNING] No evaluations found for idFreelancer=10979 in 357861553d0db7307050a24ce16a8c64.json.
2025-06-20 15:47:35,963 [WARNING] No evaluations found for idFreelancer=10445 in 35c5ce55d4c6015406e3f53558e5bed2.json.
2025-06-20 15:47:35,965 [WARNING] No evaluations found for idFreelancer=None in 35cf0f704286108deb76366a16415140.json.
2025-06-20 15:47:35,966 [WARNING] No evaluations found for idFreelancer=None in 35fa44c247164c5e1683d18000b0a236.json.
2025-06-20 15:47:35,967 [WARNING] No evaluations found for idFreelancer=None in 3613ef1ee5b75945c042bfb124275a0b.json.
2025-06-20 15:47:35,969 [WARNING] No evaluations found for idFreelancer=8335 in 36455d3b4aa959a5a5799f2316c06660.json.
2025-06-20 15:47:35,970 [WARNING] No evaluations found for idFreelancer=9140 in 3677481dc67fc92d2347a706e9a64285.json.
2025-06-20 15:47:35,972 [WARNING] No evaluations found for idFreelancer=1172 in 36a1694bce9815b7e38a9dad05ad42e0.json.
2025-06-20 15:47:35,974 [WARNING] No evaluations found for idFreelancer=None in 378a063b8fdb1db941e34f4bde584c7d.json.
2025-06-20 15:47:35,976 [WARNING] No evaluations found for idFreelancer=13680 in 3798003c3d078a7b4fd1f33843a2e5c0.json.
2025-06-20 15:47:35,977 [WARNING] No evaluations found for idFreelancer=None in 37bc2f75bf1bcfe8450a1a41c200364c.json.
2025-06-20 15:47:35,979 [WARNING] No evaluations found for idFreelancer=528 in 37f0e884fbad9667e38940169d0a3c95.json.
2025-06-20 15:47:35,980 [WARNING] No evaluations found for idFreelancer=None in 3837a451cd0abc5ce4069304c5442c87.json.
2025-06-20 15:47:35,982 [WARNING] No evaluations found for idFreelancer=19009 in 3883cd645fd2fd862058839841a60f97.json.
2025-06-20 15:47:35,983 [WARNING] No evaluations found for idFreelancer=1160 in 38ca89564b2259401518960f7a06f94b.json.
2025-06-20 15:47:35,985 [WARNING] No evaluations found for idFreelancer=9169 in 39016cfe079db1bfb359ca72fcba3fd8.json.
2025-06-20 15:47:35,987 [WARNING] No evaluations found for idFreelancer=1216 in 3948ead63a9f2944218de038d8934305.json.
2025-06-20 15:47:35,989 [WARNING] No evaluations found for idFreelancer=9180 in 398410ece9d7343091093a2a7f8ee381.json.
2025-06-20 15:47:35,990 [WARNING] No evaluations found for idFreelancer=559 in 3a0772443a0739141292a5429b952fe6.json.
2025-06-20 15:47:35,991 [WARNING] No evaluations found for idFreelancer=12329 in 3a098b02e2d67a733c661fa9bfbe89ec.json.
2025-06-20 15:47:35,992 [WARNING] No evaluations found for idFreelancer=None in 3a0f19df72fef0495c54ced664735a7d.json.
2025-06-20 15:47:35,994 [WARNING] No evaluations found for idFreelancer=None in 3a3ac2ab1c65f0a2dc7087b57062470e.json.
2025-06-20 15:47:35,994 [WARNING] No evaluations found for idFreelancer=10275 in 3ac01363eb96084101c0e5ed8be7374a.json.
2025-06-20 15:47:35,996 [WARNING] No evaluations found for idFreelancer=15462 in 3aca6cc84657b8d0b2f42c3821ce0ba6.json.
2025-06-20 15:47:35,997 [WARNING] No evaluations found for idFreelancer=9174 in 3acb2a202ae4bea8840224e6fce16fd0.json.
2025-06-20 15:47:35,998 [WARNING] No evaluations found for idFreelancer=13046 in 3b712de48137572f3849aabd5666a4e3.json.
2025-06-20 15:47:36,000 [WARNING] No evaluations found for idFreelancer=8511 in 3b777b775721dfa8d36de2a320a03e53.json.
2025-06-20 15:47:36,001 [WARNING] No evaluations found for idFreelancer=19445 in 3b7cd3a5ad79da7f656f33072ad212fe.json.
2025-06-20 15:47:36,004 [WARNING] No evaluations found for idFreelancer=11429 in 3ba889650589407203d06949bdf6983d.json.
2025-06-20 15:47:36,005 [WARNING] No evaluations found for idFreelancer=None in 3bc412ad4910c19f6710515540190792.json.
2025-06-20 15:47:36,006 [WARNING] No evaluations found for idFreelancer=11833 in 3c8f9a173f749710d6377d3150cf90da.json.
2025-06-20 15:47:36,007 [WARNING] No evaluations found for idFreelancer=2103 in 3cdd0dfecaa8127d1a556f21f96500d7.json.
2025-06-20 15:47:36,009 [WARNING] No evaluations found for idFreelancer=9182 in 3d57fe6de705fec3cecae336ae23a03a.json.
2025-06-20 15:47:36,010 [WARNING] No evaluations found for idFreelancer=10633 in 3d8c34ed1d91e42e80ccda0c6dd0b027.json.
2025-06-20 15:47:36,011 [WARNING] No evaluations found for idFreelancer=13296 in 3d97f1b344219f59ac743f43681a5190.json.
2025-06-20 15:47:36,012 [WARNING] No evaluations found for idFreelancer=16202 in 3dc023ccc7e0bd23ce2d4427756fd03c.json.
2025-06-20 15:47:36,012 [WARNING] No evaluations found for idFreelancer=None in 3dcc0806127ac6878b990a079e4f8c77.json.
2025-06-20 15:47:36,014 [WARNING] No evaluations found for idFreelancer=8390 in 3dcf44c3136a27a28b3bb27586fd5fc5.json.
2025-06-20 15:47:36,014 [WARNING] No evaluations found for idFreelancer=None in 3df80af53dce8435cf9ad6c3e7a403fd.json.
2025-06-20 15:47:36,015 [WARNING] No evaluations found for idFreelancer=8455 in 3e10f9cfe8030470e507965881025ab8.json.
2025-06-20 15:47:36,016 [WARNING] No evaluations found for idFreelancer=1170 in 3eb71f6293a2a31f3569e10af6552658.json.
2025-06-20 15:47:36,018 [WARNING] No evaluations found for idFreelancer=11080 in 3f13cf4ddf6fc50c0d39a1d5aeb57dd8.json.
2025-06-20 15:47:36,020 [WARNING] No evaluations found for idFreelancer=9745 in 3f504658ddff2e41061b89bdc726a160.json.
2025-06-20 15:47:36,022 [WARNING] No evaluations found for idFreelancer=2355 in 3f53d7190148675e3cd472fc826828c5.json.
2025-06-20 15:47:36,023 [WARNING] No evaluations found for idFreelancer=10767 in 3f7f7794da20d537bf1da2e615ce82e5.json.
2025-06-20 15:47:36,024 [WARNING] No evaluations found for idFreelancer=8811 in 3f9e3767ef3b10a0de4c256d7ef9805d.json.
2025-06-20 15:47:36,025 [WARNING] No evaluations found for idFreelancer=8318 in 3fe230348e9a12c13120749e3f9fa4cd.json.
2025-06-20 15:47:36,026 [WARNING] No evaluations found for idFreelancer=19435 in 402a3083474531ec96e5c6c8a40f5ab6.json.
2025-06-20 15:47:36,027 [WARNING] No evaluations found for idFreelancer=None in 404a9f61135c5e33d002f3fd97350b8f.json.
2025-06-20 15:47:36,028 [WARNING] No evaluations found for idFreelancer=12367 in 40641914166f1cba1d06c020e462ff8e.json.
2025-06-20 15:47:36,029 [WARNING] No evaluations found for idFreelancer=2299 in 40b5f25a228570053bc64a043c3f1833.json.
2025-06-20 15:47:36,030 [WARNING] No evaluations found for idFreelancer=10625 in 40b8498f89a8b101cd6fc6bb690231f9.json.
2025-06-20 15:47:36,031 [WARNING] No evaluations found for idFreelancer=None in 4150d6a4725ff1484640c9d2e458a429.json.
2025-06-20 15:47:36,032 [WARNING] No evaluations found for idFreelancer=12138 in 4163634d39ec5b1d3e126f44619243b2.json.
2025-06-20 15:47:36,034 [WARNING] No evaluations found for idFreelancer=None in 41a60377ba920919939d83326ebee5a1.json.
2025-06-20 15:47:36,036 [WARNING] No evaluations found for idFreelancer=9071 in 4271846620d203fd0511c422d483cdbd.json.
2025-06-20 15:47:36,038 [WARNING] No evaluations found for idFreelancer=13541 in 42a7e8017ab9578358f118300f4720fb.json.
2025-06-20 15:47:36,039 [WARNING] No evaluations found for idFreelancer=17815 in 42b1c6a5d2205c2a61dcc08c028e4592.json.
2025-06-20 15:47:36,041 [WARNING] No evaluations found for idFreelancer=None in 42d0c639a21482dcd8e1c447efe87e89.json.
2025-06-20 15:47:36,042 [WARNING] No evaluations found for idFreelancer=628 in 42e77b63637ab381e8be5f8318cc28a2.json.
2025-06-20 15:47:36,043 [WARNING] No evaluations found for idFreelancer=None in 42e7aaa88b48137a16a1acd04ed91125.json.
2025-06-20 15:47:36,044 [WARNING] No evaluations found for idFreelancer=None in 42ffcf057e133f94c1b7b5cf543ef3bd.json.
2025-06-20 15:47:36,046 [WARNING] No evaluations found for idFreelancer=7815 in 430a27748f3853d3745bda9d32419fef.json.
2025-06-20 15:47:36,047 [WARNING] No evaluations found for idFreelancer=8442 in 432fd02f951f393df1591310e6811118.json.
2025-06-20 15:47:36,048 [WARNING] No evaluations found for idFreelancer=14171 in 4346ad94c2790cac390e684155a2ecba.json.
2025-06-20 15:47:36,049 [WARNING] No evaluations found for idFreelancer=19345 in 437fcf36c72ca2d5d6179539a1eee748.json.
2025-06-20 15:47:36,050 [WARNING] No evaluations found for idFreelancer=14384 in 43a87a86ea9aee0255325e2865d6b503.json.
2025-06-20 15:47:36,052 [WARNING] No evaluations found for idFreelancer=1223 in 43cca4b3de2097b9558efefd0ecc3588.json.
2025-06-20 15:47:36,053 [WARNING] No evaluations found for idFreelancer=2225 in 443dec3062d0286986e21dc0631734c9.json.
2025-06-20 15:47:36,055 [WARNING] No evaluations found for idFreelancer=606 in 44c4c17332cace2124a1a836d9fc4b6f.json.
2025-06-20 15:47:36,057 [WARNING] No evaluations found for idFreelancer=2120 in 44cd7a8f7f9f85129b9953950665064d.json.
2025-06-20 15:47:36,058 [WARNING] No evaluations found for idFreelancer=9878 in 4511dccbea0a3350d8ff72c7648cd678.json.
2025-06-20 15:47:36,059 [WARNING] No evaluations found for idFreelancer=10734 in 451ee190d0efc1f77c8bcc7238979ac1.json.
2025-06-20 15:47:36,060 [WARNING] No evaluations found for idFreelancer=8573 in 452e91de642a8e9c43121664d5d3c05c.json.
2025-06-20 15:47:36,061 [WARNING] No evaluations found for idFreelancer=None in 4530de238502b5aee3ad8eec65a4a70f.json.
2025-06-20 15:47:36,062 [WARNING] No evaluations found for idFreelancer=10759 in 4564e13a85364d6743e38059a8544f34.json.
2025-06-20 15:47:36,063 [WARNING] No evaluations found for idFreelancer=7493 in 4582ef600b4316d72eede3ef78fc77d9.json.
2025-06-20 15:47:36,064 [WARNING] No evaluations found for idFreelancer=18369 in 45ea3375b621c477ab248d431b7acb87.json.
2025-06-20 15:47:36,065 [WARNING] No evaluations found for idFreelancer=14982 in 466e695c8ce7c0b5cd5c4109d01ad589.json.
2025-06-20 15:47:36,066 [WARNING] No evaluations found for idFreelancer=12626 in 46994a3cd8d943d03b44b8fc9792d435.json.
2025-06-20 15:47:36,068 [WARNING] No evaluations found for idFreelancer=7833 in 4747f5ca63b8e8bd670b26e4b1573961.json.
2025-06-20 15:47:36,069 [WARNING] No evaluations found for idFreelancer=8929 in 47a5feca4ce02883a5643e295c7ce6cd.json.
2025-06-20 15:47:36,071 [WARNING] No evaluations found for idFreelancer=8317 in 47a7f2c033801a8185243e6ca8df5fae.json.
2025-06-20 15:47:36,072 [WARNING] No evaluations found for idFreelancer=12715 in 47ba327b57be22b98eee0e5dc3e14711.json.
2025-06-20 15:47:36,073 [WARNING] No evaluations found for idFreelancer=None in 47cefde4d32b696264277d017d91875c.json.
2025-06-20 15:47:36,074 [WARNING] No evaluations found for idFreelancer=12383 in 47e03d48d5f53f03563daa7f1373fb09.json.
2025-06-20 15:47:36,076 [WARNING] No evaluations found for idFreelancer=8054 in 47e51e9d11cf800ff08674dbb68a48ab.json.
2025-06-20 15:47:36,077 [WARNING] No evaluations found for idFreelancer=None in 483101a6bc4e6c46a86222eb65fbcb6a.json.
2025-06-20 15:47:36,077 [WARNING] No evaluations found for idFreelancer=None in 4883eb035654015a505873cecfb93c1c.json.
2025-06-20 15:47:36,078 [WARNING] No evaluations found for idFreelancer=8945 in 48e59000d7dfcf6c1d96ce4a603ed738.json.
2025-06-20 15:47:36,080 [INFO] Updated 496e05e1aea0a9c4655800e8a7b9ea28.json with 1 evaluations.
2025-06-20 15:47:36,081 [WARNING] No evaluations found for idFreelancer=17822 in 4974a9fe76a5b447c35ad12a15fa0260.json.
2025-06-20 15:47:36,082 [WARNING] No evaluations found for idFreelancer=11153 in 498f940d9b933c529b06aa96d18f7eda.json.
2025-06-20 15:47:36,084 [WARNING] No evaluations found for idFreelancer=14087 in 49c3816dd86defa0b8f4f6fa7ff8ef5e.json.
2025-06-20 15:47:36,086 [WARNING] No evaluations found for idFreelancer=11315 in 49e863b146f3b5470ee222ee84669b1c.json.
2025-06-20 15:47:36,088 [WARNING] No evaluations found for idFreelancer=9381 in 49f85a9ed090b20c8bed85a5923c669f.json.
2025-06-20 15:47:36,090 [WARNING] No evaluations found for idFreelancer=1059 in 4a08142c38dbe374195d41c04562d9f8.json.
2025-06-20 15:47:36,091 [WARNING] No evaluations found for idFreelancer=None in 4a2ddf148c5a9c42151a529e8cbdcc06.json.
2025-06-20 15:47:36,093 [WARNING] No evaluations found for idFreelancer=14506 in 4a914e5c38172ae9b61780ffbd0b2f90.json.
2025-06-20 15:47:36,095 [WARNING] No evaluations found for idFreelancer=785 in 4b04a686b0ad13dce35fa99fa4161c65.json.
2025-06-20 15:47:36,095 [WARNING] No evaluations found for idFreelancer=None in 4b22a8375108a514ef8340e01c2e1af4.json.
2025-06-20 15:47:36,097 [WARNING] No evaluations found for idFreelancer=11082 in 4bcd83a98bc4ee323ec93c0f0e704d04.json.
2025-06-20 15:47:36,098 [WARNING] No evaluations found for idFreelancer=10125 in 4d22136ec8f25b566fdd61bc0d5045b4.json.
2025-06-20 15:47:36,099 [WARNING] No evaluations found for idFreelancer=10480 in 4d771504ddcd28037b4199740df767e6.json.
2025-06-20 15:47:36,100 [WARNING] No evaluations found for idFreelancer=562 in 4e4b5fbbbb602b6d35bea8460aa8f8e5.json.
2025-06-20 15:47:36,101 [WARNING] No evaluations found for idFreelancer=9190 in 4ef30115b941a1bcd71ffebb50c69ece.json.
2025-06-20 15:47:36,103 [WARNING] No evaluations found for idFreelancer=8007 in 4f00921114932db3f8662a41b44ee68f.json.
2025-06-20 15:47:36,104 [WARNING] No evaluations found for idFreelancer=None in 4f3fcf17644bb65a1732f02d6f10034a.json.
2025-06-20 15:47:36,106 [WARNING] No evaluations found for idFreelancer=8005 in 4fa04fbc0b0ce68711f7550ce6113720.json.
2025-06-20 15:47:36,107 [INFO] Updated 4fa7c62536118cc404dec4a0ca88d4f6.json with 2 evaluations.
2025-06-20 15:47:36,109 [WARNING] No evaluations found for idFreelancer=8126 in 4fc66104f8ada6257fa55f29a2a567c7.json.
2025-06-20 15:47:36,110 [WARNING] No evaluations found for idFreelancer=None in 4ffce04d92a4d6cb21c1494cdfcd6dc1.json.
2025-06-20 15:47:36,111 [WARNING] No evaluations found for idFreelancer=707 in 500e75a036dc2d7d2fec5da1b71d36cc.json.
2025-06-20 15:47:36,112 [WARNING] No evaluations found for idFreelancer=12284 in 505cceefe22f5a53a5f8d334e8222454.json.
2025-06-20 15:47:36,113 [WARNING] No evaluations found for idFreelancer=1926 in 5103c3584b063c431bd1268e9b5e76fb.json.
2025-06-20 15:47:36,115 [WARNING] No evaluations found for idFreelancer=None in 51681a7c14879f9eca39669df858f75b.json.
2025-06-20 15:47:36,116 [WARNING] No evaluations found for idFreelancer=1942 in 519c84155964659375821f7ca576f095.json.
2025-06-20 15:47:36,118 [WARNING] No evaluations found for idFreelancer=10970 in 51a93b1b7421fc7ca001d7793eadb53b.json.
2025-06-20 15:47:36,120 [WARNING] No evaluations found for idFreelancer=11639 in 51efec699670c82f306c1b8251b8a6ae.json.
2025-06-20 15:47:36,122 [WARNING] No evaluations found for idFreelancer=10993 in 520bae6649b42ff5a3c8c58b7fcfc5a9.json.
2025-06-20 15:47:36,123 [INFO] Updated 527490f08486bf8af2b8d0bf6e73911b.json with 1 evaluations.
2025-06-20 15:47:36,125 [WARNING] No evaluations found for idFreelancer=13412 in 52af145bae0067bdc52f7363b5a851f4.json.
2025-06-20 15:47:36,127 [WARNING] No evaluations found for idFreelancer=14557 in 52eea859b07495d44fb844cdcecdf239.json.
2025-06-20 15:47:36,128 [WARNING] No evaluations found for idFreelancer=13010 in 5314b9674c86e3f9d1ba25ef9bb32895.json.
2025-06-20 15:47:36,129 [WARNING] No evaluations found for idFreelancer=12254 in 536b08b12d4f3c719bb351eefcf1669f.json.
2025-06-20 15:47:36,131 [WARNING] No evaluations found for idFreelancer=14502 in 53a321a3dd5fec15174c52abc7dca46a.json.
2025-06-20 15:47:36,132 [WARNING] No evaluations found for idFreelancer=18718 in 53adb96c287c3931b3bc41cebb003788.json.
2025-06-20 15:47:36,134 [WARNING] No evaluations found for idFreelancer=985 in 54a367d629152b720749e187b3eaa11b.json.
2025-06-20 15:47:36,136 [WARNING] No evaluations found for idFreelancer=8874 in 55063089b08df5797d3eebca7c087ed4.json.
2025-06-20 15:47:36,139 [WARNING] No evaluations found for idFreelancer=2023 in 5531a5834816222280f20d1ef9e95f69.json.
2025-06-20 15:47:36,141 [WARNING] No evaluations found for idFreelancer=None in 5616060fb8ae85d93f334e7267307664.json.
2025-06-20 15:47:36,142 [WARNING] No evaluations found for idFreelancer=None in 56468d5607a5aaf1604ff5e15593b003.json.
2025-06-20 15:47:36,144 [WARNING] No evaluations found for idFreelancer=13714 in 5695dd7bfdf01700983a66a5f2d57698.json.
2025-06-20 15:47:36,145 [WARNING] No evaluations found for idFreelancer=11433 in 56a32ddf374ecd774959be244161cb72.json.
2025-06-20 15:47:36,147 [WARNING] No evaluations found for idFreelancer=13293 in 56f140884852f96cb0fa2c247b378358.json.
2025-06-20 15:47:36,148 [WARNING] No evaluations found for idFreelancer=8380 in 585eb4127afd003bd784f6e8dc132be2.json.
2025-06-20 15:47:36,150 [WARNING] No evaluations found for idFreelancer=17139 in 586406bbb76b6baac45c43a81ec2e35c.json.
2025-06-20 15:47:36,152 [WARNING] No evaluations found for idFreelancer=7738 in 588fdfa645b7f3c260188494bcafa149.json.
2025-06-20 15:47:36,154 [WARNING] No evaluations found for idFreelancer=14000 in 5898493fbdf4a44a24084021b2215f85.json.
2025-06-20 15:47:36,157 [WARNING] No evaluations found for idFreelancer=None in 58c1dbad4977b4c106bca8015477757e.json.
2025-06-20 15:47:36,159 [WARNING] No evaluations found for idFreelancer=948 in 58e4d44e550d0f7ee0a23d6b02d9b0db.json.
2025-06-20 15:47:36,161 [WARNING] No evaluations found for idFreelancer=16978 in 59186584039c18248c1c4244e7305050.json.
2025-06-20 15:47:36,164 [WARNING] No evaluations found for idFreelancer=8127 in 5934c1ec0cd31e12bd9084d106bc2e32.json.
2025-06-20 15:47:36,166 [WARNING] No evaluations found for idFreelancer=17927 in 59532cbbc31efd88a06ac63d294279db.json.
2025-06-20 15:47:36,167 [WARNING] No evaluations found for idFreelancer=12739 in 597073e68fcefaa6bdf39ca6b399c28c.json.
2025-06-20 15:47:36,170 [WARNING] No evaluations found for idFreelancer=15093 in 5989623d658b2227cb4e6758437704ac.json.
2025-06-20 15:47:36,172 [WARNING] No evaluations found for idFreelancer=7615 in 5a0c828364dbf6dd406139dab7b25398.json.
2025-06-20 15:47:36,176 [WARNING] No evaluations found for idFreelancer=18324 in 5a45d7bae2d4d07061d3e882475b049b.json.
2025-06-20 15:47:36,178 [WARNING] No evaluations found for idFreelancer=10774 in 5a52499520e1a57cf6daa1dd645fc85c.json.
2025-06-20 15:47:36,180 [WARNING] No evaluations found for idFreelancer=None in 5ad2c993fa4f162c255867250267de48.json.
2025-06-20 15:47:36,182 [WARNING] No evaluations found for idFreelancer=11209 in 5ad4f73ea28ca73f8fe529067b237db1.json.
2025-06-20 15:47:36,183 [WARNING] No evaluations found for idFreelancer=14429 in 5ae81daa87d6649df09002741e5b1738.json.
2025-06-20 15:47:36,187 [WARNING] No evaluations found for idFreelancer=None in 5b5c2e6aacc6ceb83ee96e328e591aea.json.
2025-06-20 15:47:36,190 [WARNING] No evaluations found for idFreelancer=17584 in 5b7d718b0db551bd2f9ca025f8bb15e0.json.
2025-06-20 15:47:36,192 [WARNING] No evaluations found for idFreelancer=9861 in 5b9373fc169106c43c99cfae04989986.json.
2025-06-20 15:47:36,194 [WARNING] No evaluations found for idFreelancer=11075 in 5c528e25e1fdeaf9d8160dc24dbf4d60.json.
2025-06-20 15:47:36,196 [WARNING] No evaluations found for idFreelancer=9131 in 5c9452254bccd24b8ad0bb1ab4408ad1.json.
2025-06-20 15:47:36,197 [INFO] Updated 5cbdfd0dfa22a3fca7266376887f549b.json with 1 evaluations.
2025-06-20 15:47:36,199 [WARNING] No evaluations found for idFreelancer=7829 in 5cd5058bca53951ffa7801bcdf421651.json.
2025-06-20 15:47:36,200 [WARNING] No evaluations found for idFreelancer=537 in 5ea1649a31336092c05438df996a3e59.json.
2025-06-20 15:47:36,202 [WARNING] No evaluations found for idFreelancer=None in 5eac43aceba42c8757b54003a58277b5.json.
2025-06-20 15:47:36,204 [WARNING] No evaluations found for idFreelancer=118 in 5ef059938ba799aaa845e1c2e8a762bd.json.
2025-06-20 15:47:36,206 [WARNING] No evaluations found for idFreelancer=12015 in 5fc31084408a07f4170a4109991b558b.json.
2025-06-20 15:47:36,207 [WARNING] No evaluations found for idFreelancer=10796 in 5fd7cbbc45010f147c06926c44aff0b7.json.
2025-06-20 15:47:36,209 [WARNING] No evaluations found for idFreelancer=8287 in 6120d42c7249acb7b2cfcf020bf7ab75.json.
2025-06-20 15:47:36,210 [WARNING] No evaluations found for idFreelancer=17942 in 614f4f0d8a780ed18742f0193cd31af4.json.
2025-06-20 15:47:36,211 [WARNING] No evaluations found for idFreelancer=None in 61c0bc869c02703fe2244a64cf2860d9.json.
2025-06-20 15:47:36,212 [WARNING] No evaluations found for idFreelancer=1604 in 62889e73828c756c961c5a6d6c01a463.json.
2025-06-20 15:47:36,213 [WARNING] No evaluations found for idFreelancer=1996 in 6351bf9dce654515bf1ddbd6426dfa97.json.
2025-06-20 15:47:36,215 [WARNING] No evaluations found for idFreelancer=8438 in 63ceea56ae1563b4477506246829b386.json.
2025-06-20 15:47:36,216 [WARNING] No evaluations found for idFreelancer=12436 in 63e3ba7e452774bd2399f738f09c9f59.json.
2025-06-20 15:47:36,218 [WARNING] No evaluations found for idFreelancer=13998 in 63e6bc520edcbaa95446b5690d989f30.json.
2025-06-20 15:47:36,221 [WARNING] No evaluations found for idFreelancer=None in 63ea2c642aaee001d818604fe1d9a811.json.
2025-06-20 15:47:36,222 [WARNING] No evaluations found for idFreelancer=11602 in 6412fe12d3b2f5591d7cc7f6121a8a01.json.
2025-06-20 15:47:36,224 [WARNING] No evaluations found for idFreelancer=None in 645098b086d2f9e1e0e939c27f9f2d6f.json.
2025-06-20 15:47:36,255 [WARNING] No evaluations found for idFreelancer=None in 646c9941d7fb1bc793a7929328ae3f2f.json.
2025-06-20 15:47:36,290 [WARNING] No evaluations found for idFreelancer=17286 in 647c4a3fb8adf93fe1fd2d8f9e7f84e1.json.
2025-06-20 15:47:36,292 [WARNING] No evaluations found for idFreelancer=None in 6490791e7abf6b29a381288cc23a8223.json.
2025-06-20 15:47:36,294 [WARNING] No evaluations found for idFreelancer=2076 in 6492d38d732122c58b44e3fdc3e9e9f3.json.
2025-06-20 15:47:36,295 [WARNING] No evaluations found for idFreelancer=7381 in 64de166633d61c8326232568b42beef1.json.
2025-06-20 15:47:36,297 [WARNING] No evaluations found for idFreelancer=36 in 6512bd43d9caa6e02c990b0a82652dca.json.
2025-06-20 15:47:36,299 [WARNING] No evaluations found for idFreelancer=None in 65184321c340b4d56581ee59b58d9d56.json.
2025-06-20 15:47:36,300 [WARNING] No evaluations found for idFreelancer=2101 in 65a579da11fa712149bca347ecfcb208.json.
2025-06-20 15:47:36,308 [WARNING] No evaluations found for idFreelancer=None in 65f4086dbc18fa214f5a7a49bf55b981.json.
2025-06-20 15:47:36,311 [WARNING] No evaluations found for idFreelancer=None in 6644cb08d30b2ca55c284344a9750c2e.json.
2025-06-20 15:47:36,313 [WARNING] No evaluations found for idFreelancer=9865 in 668f33215f65faf17f6f7f1d7f4b5fc8.json.
2025-06-20 15:47:36,315 [WARNING] No evaluations found for idFreelancer=1716 in 66be31e4c40d676991f2405aaecc6934.json.
2025-06-20 15:47:36,316 [WARNING] No evaluations found for idFreelancer=9224 in 671f0311e2754fcdd37f70a8550379bc.json.
2025-06-20 15:47:36,317 [WARNING] No evaluations found for idFreelancer=7180 in 674e68d7f978c31eafc8e7a300ce9bc2.json.
2025-06-20 15:47:36,320 [WARNING] No evaluations found for idFreelancer=14276 in 6770b3cd18521ccaea7cac4b42b2ee5f.json.
2025-06-20 15:47:36,322 [WARNING] No evaluations found for idFreelancer=1127 in 678a1491514b7f1006d605e9161946b1.json.
2025-06-20 15:47:36,323 [WARNING] No evaluations found for idFreelancer=655 in 67adf2b28a9bca8c22616cadac7b6b84.json.
2025-06-20 15:47:36,324 [WARNING] No evaluations found for idFreelancer=19484 in 67fc57486b0fa4d0870568426f32171e.json.
2025-06-20 15:47:36,326 [WARNING] No evaluations found for idFreelancer=1889 in 68148596109e38cf9367d27875e185be.json.
2025-06-20 15:47:36,327 [WARNING] No evaluations found for idFreelancer=None in 68d30a9594728bc39aa24be94b319d21.json.
2025-06-20 15:47:36,329 [WARNING] No evaluations found for idFreelancer=17303 in 68ff0c6ee845a28a756d3f8cf4e2a537.json.
2025-06-20 15:47:36,330 [WARNING] No evaluations found for idFreelancer=8178 in 6967a5fb05106806a40c6917a18023df.json.
2025-06-20 15:47:36,331 [WARNING] No evaluations found for idFreelancer=13776 in 6968240043185f65f22097299b865f6b.json.
2025-06-20 15:47:36,333 [WARNING] No evaluations found for idFreelancer=8772 in 69961657077e0093ed761aa01916c5ff.json.
2025-06-20 15:47:36,335 [WARNING] No evaluations found for idFreelancer=7502 in 6a130f1dc6f0c829f874e92e5458dced.json.
2025-06-20 15:47:36,337 [WARNING] No evaluations found for idFreelancer=9374 in 6a80e309f1922a25cb00ebcbabc017ae.json.
2025-06-20 15:47:36,338 [WARNING] No evaluations found for idFreelancer=12456 in 6a9edcb7b63821802aa44d35d531c9fc.json.
2025-06-20 15:47:36,340 [WARNING] No evaluations found for idFreelancer=7909 in 6b5617315c9ac918215fc7514bef514b.json.
2025-06-20 15:47:36,341 [WARNING] No evaluations found for idFreelancer=15031 in 6bfe6de4ebb6ce650cdcf4322e63dee4.json.
2025-06-20 15:47:36,342 [WARNING] No evaluations found for idFreelancer=15033 in 6c11cb78b7bbb5c22d5f5271b5494381.json.
2025-06-20 15:47:36,344 [WARNING] No evaluations found for idFreelancer=1368 in 6c1da886822c67822bcf3679d04369fa.json.
2025-06-20 15:47:36,345 [WARNING] No evaluations found for idFreelancer=8849 in 6c2fdcf862a752ca2c9e49866a05e1df.json.
2025-06-20 15:47:36,346 [WARNING] No evaluations found for idFreelancer=1264 in 6c8dba7d0df1c4a79dd07646be9a26c8.json.
2025-06-20 15:47:36,347 [WARNING] No evaluations found for idFreelancer=1038 in 6d70cb65d15211726dcce4c0e971e21c.json.
2025-06-20 15:47:36,348 [WARNING] No evaluations found for idFreelancer=1634 in 6dd4e10e3296fa63738371ec0d5df818.json.
2025-06-20 15:47:36,349 [WARNING] No evaluations found for idFreelancer=8546 in 6e334169a5325adca8aec592cd14edd9.json.
2025-06-20 15:47:36,350 [WARNING] No evaluations found for idFreelancer=7694 in 6e7d2da6d3953058db75714ac400b584.json.
2025-06-20 15:47:36,352 [WARNING] No evaluations found for idFreelancer=None in 6eb6e75fddec0218351dc5c0c8464104.json.
2025-06-20 15:47:36,354 [WARNING] No evaluations found for idFreelancer=None in 6ed459ea169d96c38c7167d4cf471013.json.
2025-06-20 15:47:36,356 [WARNING] No evaluations found for idFreelancer=2376 in 6ee69d3769e832ec77c9584e0b7ba112.json.
2025-06-20 15:47:36,358 [WARNING] No evaluations found for idFreelancer=None in 6f5216f8d89b086c18298e043bfe48ed.json.
2025-06-20 15:47:36,359 [WARNING] No evaluations found for idFreelancer=None in 705f2172834666788607efbfca35afb3.json.
2025-06-20 15:47:36,361 [WARNING] No evaluations found for idFreelancer=10955 in 709491516820c9f43b1249622a98a2fa.json.
2025-06-20 15:47:36,362 [WARNING] No evaluations found for idFreelancer=10111 in 70bb83c9272e6c4bc6e83e0a55c7c9c3.json.
2025-06-20 15:47:36,364 [WARNING] No evaluations found for idFreelancer=None in 70e9dbe24ba303f2d25ac34d3ae945c5.json.
2025-06-20 15:47:36,365 [WARNING] No evaluations found for idFreelancer=11881 in 713f96370f69fb23e3387062bc914719.json.
2025-06-20 15:47:36,366 [WARNING] No evaluations found for idFreelancer=19408 in 715f390c232030c410b5ff0aa1034a1c.json.
2025-06-20 15:47:36,368 [WARNING] No evaluations found for idFreelancer=12538 in 71af59614c8b42af334933e9261e53be.json.
2025-06-20 15:47:36,371 [WARNING] No evaluations found for idFreelancer=8815 in 71f538c5db462f9bf1c7a8521c622c41.json.
2025-06-20 15:47:36,372 [WARNING] No evaluations found for idFreelancer=None in 723e8f97fde15f7a8d5ff8d558ea3f16.json.
2025-06-20 15:47:36,374 [WARNING] No evaluations found for idFreelancer=831 in 7250eb93b3c18cc9daa29cf58af7a004.json.
2025-06-20 15:47:36,375 [WARNING] No evaluations found for idFreelancer=None in 726bd18c52afc248015dcdbc463c6f85.json.
2025-06-20 15:47:36,376 [WARNING] No evaluations found for idFreelancer=10534 in 731b03008e834f92a03085ef47061c4a.json.
2025-06-20 15:47:36,377 [WARNING] No evaluations found for idFreelancer=10523 in 737eb13c7593133a06c7ac5b90d15d2a.json.
2025-06-20 15:47:36,378 [WARNING] No evaluations found for idFreelancer=10387 in 73d02e4344f71a0b0d51a925246990e7.json.
2025-06-20 15:47:36,379 [WARNING] No evaluations found for idFreelancer=12387 in 73eae46e2ba0a8705e9c75ca5720f3b5.json.
2025-06-20 15:47:36,380 [WARNING] No evaluations found for idFreelancer=8894 in 7467fc45e24ec8d8b9023385c2a6066d.json.
2025-06-20 15:47:36,382 [WARNING] No evaluations found for idFreelancer=1535 in 748ba69d3e8d1af87f84fee909eef339.json.
2025-06-20 15:47:36,382 [WARNING] No evaluations found for idFreelancer=16571 in 74af29e4a58ef5b90a184d5264d47342.json.
2025-06-20 15:47:36,384 [WARNING] No evaluations found for idFreelancer=17030 in 74d2b98d66f5e375d2ee3a7d9e4e1354.json.
2025-06-20 15:47:36,385 [WARNING] No evaluations found for idFreelancer=14241 in 7551e734ecfa518db7c1e6175abe5bfb.json.
2025-06-20 15:47:36,386 [WARNING] No evaluations found for idFreelancer=201 in 757b505cfd34c64c85ca5b5690ee5293.json.
2025-06-20 15:47:36,388 [WARNING] No evaluations found for idFreelancer=17791 in 757c26bb260eb37f9ba86bf463117fa3.json.
2025-06-20 15:47:36,389 [WARNING] No evaluations found for idFreelancer=1674 in 757f843a169cc678064d9530d12a1881.json.
2025-06-20 15:47:36,390 [WARNING] No evaluations found for idFreelancer=8687 in 76330c26dea62332de2ca7b4a9ef51ec.json.
2025-06-20 15:47:36,391 [WARNING] No evaluations found for idFreelancer=8453 in 7658d0dd31ff8ec12a3933f064e000a1.json.
2025-06-20 15:47:36,392 [WARNING] No evaluations found for idFreelancer=None in 76bba5ee241042431796c97a92e64f5d.json.
2025-06-20 15:47:36,393 [WARNING] No evaluations found for idFreelancer=7705 in 76d4110e944e83212bafa4b11ebf2b7e.json.
2025-06-20 15:47:36,394 [WARNING] No evaluations found for idFreelancer=None in 76fabdc82dd649afd7efa2d6894e568d.json.
2025-06-20 15:47:36,395 [WARNING] No evaluations found for idFreelancer=15775 in 773de9ea713363557c90891deddea6c8.json.
2025-06-20 15:47:36,396 [WARNING] No evaluations found for idFreelancer=18271 in 776af9671dbfa3ac15c6e0711001bdea.json.
2025-06-20 15:47:36,396 [WARNING] No evaluations found for idFreelancer=None in 77b917da760ab9aeca583fd0bb0e1c67.json.
2025-06-20 15:47:36,398 [WARNING] No evaluations found for idFreelancer=12783 in 7854d49ba2f35c970603fbe7b70364f9.json.
2025-06-20 15:47:36,398 [WARNING] No evaluations found for idFreelancer=14363 in 785cf0a5def4977e0210f07e0f925fa1.json.
2025-06-20 15:47:36,400 [WARNING] No evaluations found for idFreelancer=13985 in 798cfc169a66eb10aa814f8a45d5ef42.json.
2025-06-20 15:47:36,402 [WARNING] No evaluations found for idFreelancer=14928 in 79f53927eb6603ae6c54b55ff7a39803.json.
2025-06-20 15:47:36,405 [WARNING] No evaluations found for idFreelancer=7190 in 7a47f991e304fd013ba300505eb42fd7.json.
2025-06-20 15:47:36,406 [WARNING] No evaluations found for idFreelancer=1941 in 7af6266cc52234b5aa339b16695f7fc4.json.
2025-06-20 15:47:36,407 [WARNING] No evaluations found for idFreelancer=2103 in 7b1ce3d73b70f1a7246e7b76a35fb552.json.
2025-06-20 15:47:36,409 [WARNING] No evaluations found for idFreelancer=1409 in 7b5b23f4aadf9513306bcd59afb6e4c9.json.
2025-06-20 15:47:36,410 [WARNING] No evaluations found for idFreelancer=9525 in 7b86f36d139d8581d4b5a4f155ba431c.json.
2025-06-20 15:47:36,411 [WARNING] No evaluations found for idFreelancer=None in 7bccfde7714a1ebadf06c5f4cea752c1.json.
2025-06-20 15:47:36,412 [WARNING] No evaluations found for idFreelancer=2130 in 7c6f8dba4a02404f97b5953d2c4172a7.json.
2025-06-20 15:47:36,414 [WARNING] No evaluations found for idFreelancer=None in 7cac11e2f46ed46c339ec3d569853759.json.
2025-06-20 15:47:36,415 [WARNING] No evaluations found for idFreelancer=8255 in 7cb1f2f2baf6ab2ae929ad8cb88d6210.json.
2025-06-20 15:47:36,416 [WARNING] No evaluations found for idFreelancer=14803 in 7ce96e616cfd1a5caa4127a0ce4bd7fd.json.
2025-06-20 15:47:36,417 [WARNING] No evaluations found for idFreelancer=None in 7d288f69a0110ea0add97ae01491e752.json.
2025-06-20 15:47:36,420 [WARNING] No evaluations found for idFreelancer=11023 in 7d787bb950167c81630d2f1256eec848.json.
2025-06-20 15:47:36,422 [WARNING] No evaluations found for idFreelancer=None in 7d9d329731cad1688ade8b557b74c68c.json.
2025-06-20 15:47:36,423 [WARNING] No evaluations found for idFreelancer=11717 in 7da9de56f480e009b5e9f18b279859d7.json.
2025-06-20 15:47:36,425 [WARNING] No evaluations found for idFreelancer=1638 in 7e230522657ecdc50e4249581b861f8e.json.
2025-06-20 15:47:36,425 [WARNING] No evaluations found for idFreelancer=None in 7e67622685947b49f374229b83be6cd6.json.
2025-06-20 15:47:36,426 [WARNING] No evaluations found for idFreelancer=419 in 7eacb532570ff6858afd2723755ff790.json.
2025-06-20 15:47:36,427 [WARNING] No evaluations found for idFreelancer=724 in 7f1171a78ce0780a2142a6eb7bc4f3c8.json.
2025-06-20 15:47:36,429 [WARNING] No evaluations found for idFreelancer=None in 7f2111cbef86a223862e0fdd2577705c.json.
2025-06-20 15:47:36,429 [WARNING] No evaluations found for idFreelancer=None in 7fc0e8de9ce1ab7d9b6c435a08a8b0d9.json.
2025-06-20 15:47:36,431 [WARNING] No evaluations found for idFreelancer=None in 7fec306d1e665bc9c748b5d2b99a6e97.json.
2025-06-20 15:47:36,432 [WARNING] No evaluations found for idFreelancer=9590 in 811be42d722f824eb6cb90ab95ef9e21.json.
2025-06-20 15:47:36,433 [WARNING] No evaluations found for idFreelancer=None in 812b4ba287f5ee0bc9d43bbf5bbe87fb.json.
2025-06-20 15:47:36,436 [WARNING] No evaluations found for idFreelancer=12567 in 81e4fe932e45bbbc10cfce7ffb67162e.json.
2025-06-20 15:47:36,438 [WARNING] No evaluations found for idFreelancer=None in 831da40e5907987235ebe5616446e083.json.
2025-06-20 15:47:36,440 [WARNING] No evaluations found for idFreelancer=12194 in 835bafd2c534a1830c0590774285ff88.json.
2025-06-20 15:47:36,441 [WARNING] No evaluations found for idFreelancer=9212 in 8386fa112ba70c3f60b6907d3812bb9e.json.
2025-06-20 15:47:36,443 [WARNING] No evaluations found for idFreelancer=8283 in 841b60e20ff680b0d59aa9d6902fe289.json.
2025-06-20 15:47:36,444 [WARNING] No evaluations found for idFreelancer=None in 842746dc8d98352c8c07b066d4554e7f.json.
2025-06-20 15:47:36,445 [WARNING] No evaluations found for idFreelancer=9524 in 84a529a92de322be42dd3365afd54f91.json.
2025-06-20 15:47:36,446 [WARNING] No evaluations found for idFreelancer=17290 in 84b069ebd287d467cb7fd26e53c6a0c9.json.
2025-06-20 15:47:36,447 [WARNING] No evaluations found for idFreelancer=16991 in 84c4f0b0bf96a0cd9082433e88811703.json.
2025-06-20 15:47:36,448 [WARNING] No evaluations found for idFreelancer=12201 in 853b722222dd0e45a9f94f2c799c949d.json.
2025-06-20 15:47:36,450 [WARNING] No evaluations found for idFreelancer=489 in 854d9fca60b4bd07f9bb215d59ef5561.json.
2025-06-20 15:47:36,451 [WARNING] No evaluations found for idFreelancer=354 in 8571ddcc1c64ca1fa11891d899cab05d.json.
2025-06-20 15:47:36,452 [INFO] Updated 85c4ef2f7a943600c97b5903247567b7.json with 1 evaluations.
2025-06-20 15:47:36,454 [WARNING] No evaluations found for idFreelancer=1837 in 85f007f8c50dd25f5a45fca73cad64bd.json.
2025-06-20 15:47:36,456 [WARNING] No evaluations found for idFreelancer=992 in 860320be12a1c050cd7731794e231bd3.json.
2025-06-20 15:47:36,457 [WARNING] No evaluations found for idFreelancer=15286 in 865e434f7f48e0e93f69cbb938b06809.json.
2025-06-20 15:47:36,458 [WARNING] No evaluations found for idFreelancer=13168 in 867079fcaff2dfddeb29ca1f27853ef7.json.
2025-06-20 15:47:36,459 [WARNING] No evaluations found for idFreelancer=1486 in 86df7dcfd896fcaf2674f757a2463eba.json.
2025-06-20 15:47:36,460 [WARNING] No evaluations found for idFreelancer=None in 878d5691c824ee2aaf770f7d36c151d6.json.
2025-06-20 15:47:36,461 [WARNING] No evaluations found for idFreelancer=2170 in 88a839f2f6f1427879fc33ee4acf4f66.json.
2025-06-20 15:47:36,462 [WARNING] No evaluations found for idFreelancer=None in 89f0fd5c927d466d6ec9a21b9ac34ffa.json.
2025-06-20 15:47:36,463 [INFO] Updated 89f3c33175c57115408f4fd8a8557751.json with 1 evaluations.
2025-06-20 15:47:36,464 [WARNING] No evaluations found for idFreelancer=9744 in 8ad3c1db0f3411d9825cb088de789857.json.
2025-06-20 15:47:36,465 [WARNING] No evaluations found for idFreelancer=11669 in 8b1c998cf6efb43824bbab2d8c9b078b.json.
2025-06-20 15:47:36,467 [WARNING] No evaluations found for idFreelancer=15001 in 8bd045c0275185605e58d7fec40ecae6.json.
2025-06-20 15:47:36,469 [WARNING] No evaluations found for idFreelancer=12140 in 8bff390dadc80bbeca7bc73193de2355.json.
2025-06-20 15:47:36,471 [WARNING] No evaluations found for idFreelancer=None in 8cb22bdd0b7ba1ab13d742e22eed8da2.json.
2025-06-20 15:47:36,473 [WARNING] No evaluations found for idFreelancer=None in 8d373a5f49b37b82596aaaadb567e6ff.json.
2025-06-20 15:47:36,475 [WARNING] No evaluations found for idFreelancer=18091 in 8d9d4a6ada2203326292becd8a961dc9.json.
2025-06-20 15:47:36,476 [WARNING] No evaluations found for idFreelancer=13381 in 8dacd3d8b9d2cd20eb244b5f745ea88e.json.
2025-06-20 15:47:36,478 [WARNING] No evaluations found for idFreelancer=13066 in 8e1da93be98c91053ef56a0d7b9e3f9c.json.
2025-06-20 15:47:36,479 [WARNING] No evaluations found for idFreelancer=8047 in 8e5374203123a2502404dbd7ea19862d.json.
2025-06-20 15:47:36,481 [WARNING] No evaluations found for idFreelancer=14835 in 8e60cfb63ef8bedd98f6868c6accf1c2.json.
2025-06-20 15:47:36,482 [WARNING] No evaluations found for idFreelancer=None in 8ea4058893eee96e3c4975d904d1c6bb.json.
2025-06-20 15:47:36,484 [WARNING] No evaluations found for idFreelancer=None in 8ee7730e97c67473a424ccfeff49ab20.json.
2025-06-20 15:47:36,486 [WARNING] No evaluations found for idFreelancer=8061 in 8f4d94fa779cb6b74225a9e26c700a39.json.
2025-06-20 15:47:36,488 [WARNING] No evaluations found for idFreelancer=8957 in 90a82bf94b4c5981e7e68ff425e519f3.json.
2025-06-20 15:47:36,489 [WARNING] No evaluations found for idFreelancer=None in 9232965e399095e0ef458a3325ba5382.json.
2025-06-20 15:47:36,516 [WARNING] No evaluations found for idFreelancer=1006 in 9246444d94f081e3549803b928260f56.json.
2025-06-20 15:47:36,519 [INFO] Updated 92d1e1eb1cd6f9fba3227870bb6d7f07.json with 3 evaluations.
2025-06-20 15:47:36,523 [WARNING] No evaluations found for idFreelancer=8281 in 9375084629cd055e6b819053bc9714de.json.
2025-06-20 15:47:36,525 [WARNING] No evaluations found for idFreelancer=9392 in 93b71ff0836bb95466a9de7aaa34de09.json.
2025-06-20 15:47:36,526 [WARNING] No evaluations found for idFreelancer=11340 in 93fb39474c51b8a82a68413e2a5ae17a.json.
2025-06-20 15:47:36,527 [WARNING] No evaluations found for idFreelancer=8945 in 94bd3f4d79c60af8831740e58a68dd6e.json.
2025-06-20 15:47:36,529 [WARNING] No evaluations found for idFreelancer=300 in 94f6d7e04a4d452035300f18b984988c.json.
2025-06-20 15:47:36,531 [WARNING] No evaluations found for idFreelancer=9866 in 951124d4a093eeae83d9726a20295498.json.
2025-06-20 15:47:36,532 [WARNING] No evaluations found for idFreelancer=9025 in 952285b9b7e7a1be5aa7849f32ffff05.json.
2025-06-20 15:47:36,535 [WARNING] No evaluations found for idFreelancer=1874 in 958adb57686c2fdec5796398de5f317a.json.
2025-06-20 15:47:36,536 [WARNING] No evaluations found for idFreelancer=None in 95b431e51fc53692913da5263c214162.json.
2025-06-20 15:47:36,541 [WARNING] No evaluations found for idFreelancer=8723 in 966eaa9527eb956f0dc8788132986707.json.
2025-06-20 15:47:36,545 [WARNING] No evaluations found for idFreelancer=18015 in 96bcb45a6e30b2b3381934344b10a7ce.json.
2025-06-20 15:47:36,548 [WARNING] No evaluations found for idFreelancer=1860 in 96c5c28becf18e71190460a9955aa4d8.json.
2025-06-20 15:47:36,549 [WARNING] No evaluations found for idFreelancer=8415 in 9739efc4f01292e764c86caa59af353e.json.
2025-06-20 15:47:36,552 [WARNING] No evaluations found for idFreelancer=1650 in 973a5f0ccbc4ee3524ccf035d35b284b.json.
2025-06-20 15:47:36,556 [WARNING] No evaluations found for idFreelancer=2407 in 97416ac0f58056947e2eb5d5d253d4f2.json.
2025-06-20 15:47:36,592 [WARNING] No evaluations found for idFreelancer=165 in 9766527f2b5d3e95d4a733fcfb77bd7e.json.
2025-06-20 15:47:36,594 [WARNING] No evaluations found for idFreelancer=7262 in 9773d3352e206fef3df91b8757d63b67.json.
2025-06-20 15:47:36,595 [WARNING] No evaluations found for idFreelancer=None in 977f8b33d303564416bf9f4ab1c39720.json.
2025-06-20 15:47:36,597 [WARNING] No evaluations found for idFreelancer=18270 in 979a659fe9f4cc5f2dfef047b5da50ab.json.
2025-06-20 15:47:36,599 [INFO] Updated 980ecd059122ce2e50136bda65c25e07.json with 4 evaluations.
2025-06-20 15:47:36,600 [WARNING] No evaluations found for idFreelancer=12843 in 981a3d9d46123dc4231e4cc3a718362c.json.
2025-06-20 15:47:36,602 [WARNING] No evaluations found for idFreelancer=12224 in 98795443cdbf0375dd946728e2f4e51a.json.
2025-06-20 15:47:36,604 [WARNING] No evaluations found for idFreelancer=1554 in 98986c005e5def2da341b4e0627d4712.json.
2025-06-20 15:47:36,607 [WARNING] No evaluations found for idFreelancer=608 in 996a7fa078cc36c46d02f9af3bef918b.json.
2025-06-20 15:47:36,608 [WARNING] No evaluations found for idFreelancer=11345 in 997ddfb43e587b1580a0caba67f9de24.json.
2025-06-20 15:47:36,610 [WARNING] No evaluations found for idFreelancer=15206 in 99927ed3f11c0f361bd4c0c7d61d246f.json.
2025-06-20 15:47:36,611 [WARNING] No evaluations found for idFreelancer=None in 99e314b1b43706773153e7ef375fc68c.json.
2025-06-20 15:47:36,612 [WARNING] No evaluations found for idFreelancer=1421 in 9aa42b31882ec039965f3c4923ce901b.json.
2025-06-20 15:47:36,614 [WARNING] No evaluations found for idFreelancer=9314 in 9afe487de556e59e6db6c862adfe25a4.json.
2025-06-20 15:47:36,616 [WARNING] No evaluations found for idFreelancer=8300 in 9b40aee76034c9543ceacba5df759a1d.json.
2025-06-20 15:47:36,617 [WARNING] No evaluations found for idFreelancer=None in 9b47b8678d84ea8a0f9fe6c4ec599918.json.
2025-06-20 15:47:36,619 [WARNING] No evaluations found for idFreelancer=448 in 9b70e8fe62e40c570a322f1b0b659098.json.
2025-06-20 15:47:36,621 [WARNING] No evaluations found for idFreelancer=16369 in 9bb2b56e6b7174609d788805794a4f46.json.
2025-06-20 15:47:36,623 [WARNING] No evaluations found for idFreelancer=None in 9bd61ffe923a9953840d210e3b6111dd.json.
2025-06-20 15:47:36,629 [WARNING] No evaluations found for idFreelancer=365 in 9be40cee5b0eee1462c82c6964087ff9.json.
2025-06-20 15:47:36,631 [WARNING] No evaluations found for idFreelancer=976 in 9c01802ddb981e6bcfbec0f0516b8e35.json.
2025-06-20 15:47:36,632 [WARNING] No evaluations found for idFreelancer=None in 9c440b45b356a36bd3b2562a361d9656.json.
2025-06-20 15:47:36,633 [WARNING] No evaluations found for idFreelancer=8844 in 9c449771d0edc923c2713a7462cefa3b.json.
2025-06-20 15:47:36,639 [WARNING] No evaluations found for idFreelancer=11678 in 9c453cf6194406f48a40272eec8de2a8.json.
2025-06-20 15:47:36,641 [WARNING] No evaluations found for idFreelancer=12446 in 9c9b9968f53b847802ec73df94b649c0.json.
2025-06-20 15:47:36,642 [WARNING] No evaluations found for idFreelancer=9268 in 9cac2ca53c5fe723c249d012d6091c50.json.
2025-06-20 15:47:36,643 [WARNING] No evaluations found for idFreelancer=8789 in 9cd013fe250ebffc853b386569ab18c0.json.
2025-06-20 15:47:36,645 [WARNING] No evaluations found for idFreelancer=624 in 9cf81d8026a9018052c429cc4e56739b.json.
2025-06-20 15:47:36,647 [WARNING] No evaluations found for idFreelancer=7549 in 9d7099d87947faa8d07a272dd6954b80.json.
2025-06-20 15:47:36,648 [WARNING] No evaluations found for idFreelancer=13062 in 9d70ada63ee39c2f16e678bbf698df46.json.
2025-06-20 15:47:36,649 [WARNING] No evaluations found for idFreelancer=10540 in 9dd16e049becf4d5087c90a83fea403b.json.
2025-06-20 15:47:36,651 [WARNING] No evaluations found for idFreelancer=798 in 9e3cfc48eccf81a0d57663e129aef3cb.json.
2025-06-20 15:47:36,654 [WARNING] No evaluations found for idFreelancer=None in 9fd93cfddc3568482b5eb057efe06f16.json.
2025-06-20 15:47:36,655 [WARNING] No evaluations found for idFreelancer=678 in 9fe8593a8a330607d76796b35c64c600.json.
2025-06-20 15:47:36,657 [WARNING] No evaluations found for idFreelancer=None in a01f3ca6e3e4ece8e1a30696f52844bc.json.
2025-06-20 15:47:36,659 [WARNING] No evaluations found for idFreelancer=8671 in a03caec56cd82478bf197475b48c05f9.json.
2025-06-20 15:47:36,660 [WARNING] No evaluations found for idFreelancer=None in a0a080f42e6f13b3a2df133f073095dd.json.
2025-06-20 15:47:36,662 [WARNING] No evaluations found for idFreelancer=11616 in a11513a4f1fd7e7b0c29be2cf7ad701d.json.
2025-06-20 15:47:36,663 [WARNING] No evaluations found for idFreelancer=17805 in a16741d0aac91b0ca73b5bb17b3f4e36.json.
2025-06-20 15:47:36,665 [WARNING] No evaluations found for idFreelancer=12314 in a1a3e1728ecc9bfe4ca64599f0e661df.json.
2025-06-20 15:47:36,666 [WARNING] No evaluations found for idFreelancer=None in a1bcb47486d5abaeabf8fc1d64abe62b.json.
2025-06-20 15:47:36,667 [WARNING] No evaluations found for idFreelancer=14622 in a1c71b134d46d7f7ff00f488874a8d43.json.
2025-06-20 15:47:36,669 [WARNING] No evaluations found for idFreelancer=14410 in a1d41c14c1d0aa9b9cc1e228d962fe42.json.
2025-06-20 15:47:36,671 [WARNING] No evaluations found for idFreelancer=1065 in a2137a2ae8e39b5002a3f8909ecb88fe.json.
2025-06-20 15:47:36,672 [WARNING] No evaluations found for idFreelancer=None in a29a5ba2cb7bdeabba22de8c83321b46.json.
2025-06-20 15:47:36,674 [WARNING] No evaluations found for idFreelancer=8125 in a34c46916c53099c8038cff641c9b127.json.
2025-06-20 15:47:36,675 [WARNING] No evaluations found for idFreelancer=None in a371220f8bdb240bffb403c5ac7f3ef1.json.
2025-06-20 15:47:36,676 [WARNING] No evaluations found for idFreelancer=None in a383d162a97be62a400e00c320eae9c7.json.
2025-06-20 15:47:36,678 [WARNING] No evaluations found for idFreelancer=12361 in a3a51080d3fcd1adab3a44996fd6b977.json.
2025-06-20 15:47:36,679 [WARNING] No evaluations found for idFreelancer=108 in a3c65c2974270fd093ee8a9bf8ae7d0b.json.
2025-06-20 15:47:36,681 [WARNING] No evaluations found for idFreelancer=950 in a3d68b461bd9d3533ee1dd3ce4628ed4.json.
2025-06-20 15:47:36,683 [WARNING] No evaluations found for idFreelancer=1425 in a424ed4bd3a7d6aea720b86d4a360f75.json.
2025-06-20 15:47:36,684 [WARNING] No evaluations found for idFreelancer=10855 in a48a1b922cbd6d5d08664325afd2b1a2.json.
2025-06-20 15:47:36,686 [WARNING] No evaluations found for idFreelancer=None in a4d2f0d23dcc84ce983ff9157f8b7f88.json.
2025-06-20 15:47:36,688 [WARNING] No evaluations found for idFreelancer=10347 in a53d1388191884b75c48bebb18709bfb.json.
2025-06-20 15:47:36,690 [WARNING] No evaluations found for idFreelancer=7207 in a54505e6a589aa3b38674ef107da13c1.json.
2025-06-20 15:47:36,691 [WARNING] No evaluations found for idFreelancer=10871 in a5ae355fbd0de73bbc8ab3da0084a3a8.json.
2025-06-20 15:47:36,691 [INFO] Updated a6b964c0bb675116a15ef1325b01ff45.json with 1 evaluations.
2025-06-20 15:47:36,693 [WARNING] No evaluations found for idFreelancer=18210 in a70a3a174938bdf20e7b87062c015792.json.
2025-06-20 15:47:36,693 [WARNING] No evaluations found for idFreelancer=13825 in a74d1ff33e951286f8b41bd995f0c5e0.json.
2025-06-20 15:47:36,694 [WARNING] No evaluations found for idFreelancer=511 in a760880003e7ddedfef56acb3b09697f.json.
2025-06-20 15:47:36,695 [WARNING] No evaluations found for idFreelancer=14036 in a767b1393860de7db35a9954b1aa2f9d.json.
2025-06-20 15:47:36,697 [WARNING] No evaluations found for idFreelancer=7377 in a76c0abe2b7b1b79e70f0073f43c3b44.json.
2025-06-20 15:47:36,698 [WARNING] No evaluations found for idFreelancer=None in a7e272202d38f212dcdc3978bcb70a6f.json.
2025-06-20 15:47:36,699 [WARNING] No evaluations found for idFreelancer=14500 in a8442efac020cf971575de816beb459e.json.
2025-06-20 15:47:36,700 [WARNING] No evaluations found for idFreelancer=None in a8d3b1e36a14da038a06f675d1693dd8.json.
2025-06-20 15:47:36,702 [WARNING] No evaluations found for idFreelancer=813 in a8e864d04c95572d1aece099af852d0a.json.
2025-06-20 15:47:36,703 [WARNING] No evaluations found for idFreelancer=1625 in a981f2b708044d6fb4a71a1463242520.json.
2025-06-20 15:47:36,704 [WARNING] No evaluations found for idFreelancer=18161 in a98bf9c158d51c9757bd04eb9d2e16f7.json.
2025-06-20 15:47:36,705 [WARNING] No evaluations found for idFreelancer=7540 in a9fb9e6ef40426e9add520623d521ab8.json.
2025-06-20 15:47:36,707 [WARNING] No evaluations found for idFreelancer=18929 in aa432ddb48f87d2c5114f1c11e7c68a5.json.
2025-06-20 15:47:36,708 [WARNING] No evaluations found for idFreelancer=12386 in aa49af1072b367b0a3342314401297a9.json.
2025-06-20 15:47:36,709 [WARNING] No evaluations found for idFreelancer=None in aa988447067c0355df0223065af9d055.json.
2025-06-20 15:47:36,710 [WARNING] No evaluations found for idFreelancer=12422 in ab9bc301ed969f5fa62e9908d7fd80e7.json.
2025-06-20 15:47:36,712 [WARNING] No evaluations found for idFreelancer=632 in abd815286ba1007abfbb8415b83ae2cf.json.
2025-06-20 15:47:36,713 [WARNING] No evaluations found for idFreelancer=10104 in abf0931987f2f8eb7a8d26f2c21fe172.json.
2025-06-20 15:47:36,714 [WARNING] No evaluations found for idFreelancer=16479 in abff833e69ceda5b038c0f2b98d71525.json.
2025-06-20 15:47:36,715 [WARNING] No evaluations found for idFreelancer=None in ac90e5f00f7542d99231f63fb0dfeecf.json.
2025-06-20 15:47:36,716 [WARNING] No evaluations found for idFreelancer=None in ac9815bef801f58de83804bce86984ad.json.
2025-06-20 15:47:36,717 [WARNING] No evaluations found for idFreelancer=7228 in acd9bdac8824615154e7f1868f29acf6.json.
2025-06-20 15:47:36,719 [WARNING] No evaluations found for idFreelancer=15529 in ad22e184c6cdfb585ad39195d1905acd.json.
2025-06-20 15:47:36,720 [WARNING] No evaluations found for idFreelancer=7370 in ad2972cf612acdeec0f99338a768aa05.json.
2025-06-20 15:47:36,721 [WARNING] No evaluations found for idFreelancer=None in ad3019b856147c17e82a5bead782d2a8.json.
2025-06-20 15:47:36,722 [WARNING] No evaluations found for idFreelancer=8851 in adb0e2c465ae2a4b7698a8901fdbb177.json.
2025-06-20 15:47:36,723 [WARNING] No evaluations found for idFreelancer=18613 in ae98e3391c4268302e0e8f97c3c005bb.json.
2025-06-20 15:47:36,724 [WARNING] No evaluations found for idFreelancer=18990 in aebf428799f36456510413c389b740f9.json.
2025-06-20 15:47:36,725 [WARNING] No evaluations found for idFreelancer=7427 in aecad42329922dfc97eee948606e1f8e.json.
2025-06-20 15:47:36,726 [WARNING] No evaluations found for idFreelancer=10567 in aeea73be8c3967e626f871de617d508c.json.
2025-06-20 15:47:36,726 [WARNING] No evaluations found for idFreelancer=None in af9c0e0c1dee63e5acad8b7ed1a5be96.json.
2025-06-20 15:47:36,727 [WARNING] No evaluations found for idFreelancer=1031 in afdec7005cc9f14302cd0474fd0f3c96.json.
2025-06-20 15:47:36,728 [WARNING] No evaluations found for idFreelancer=13108 in afeae7504d214a43ca689bc1d0999930.json.
2025-06-20 15:47:36,729 [WARNING] No evaluations found for idFreelancer=1546 in aff0a6a4521232970b2c1cf539ad0a19.json.
2025-06-20 15:47:36,730 [WARNING] No evaluations found for idFreelancer=7280 in b05b57f6add810d3b7490866d74c0053.json.
2025-06-20 15:47:36,731 [WARNING] No evaluations found for idFreelancer=2395 in b090409688550f3cc93f4ed88ec6cafb.json.
2025-06-20 15:47:36,732 [WARNING] No evaluations found for idFreelancer=12502 in b1501a9528a292585b7e90e8708143f1.json.
2025-06-20 15:47:36,733 [WARNING] No evaluations found for idFreelancer=None in b18336c06954cf0a92113517ca2bdd29.json.
2025-06-20 15:47:36,734 [WARNING] No evaluations found for idFreelancer=8469 in b1adda14824f50ef24ff1c05bb66faf3.json.
2025-06-20 15:47:36,735 [WARNING] No evaluations found for idFreelancer=8357 in b1c1c47f20cf1d3253555b8cf83949c0.json.
2025-06-20 15:47:36,737 [WARNING] No evaluations found for idFreelancer=18918 in b1c5d6d28abda1b579b1718613c62d93.json.
2025-06-20 15:47:36,738 [WARNING] No evaluations found for idFreelancer=12195 in b259a593d2ac9619df8c8a5a6c2717a2.json.
2025-06-20 15:47:36,739 [WARNING] No evaluations found for idFreelancer=None in b27152e13b5ed9b61478a1384d7b9bf2.json.
2025-06-20 15:47:36,740 [WARNING] No evaluations found for idFreelancer=18266 in b2ec5fbfb158548e1c4a3c02b2752a51.json.
2025-06-20 15:47:36,741 [WARNING] No evaluations found for idFreelancer=10351 in b34517c68d949a02746108522f958479.json.
2025-06-20 15:47:36,742 [WARNING] No evaluations found for idFreelancer=11199 in b356e7aed7ee82589e54a466e0dca157.json.
2025-06-20 15:47:36,742 [WARNING] No evaluations found for idFreelancer=None in b451da363bb08b9a81ceadbadb5133ef.json.
2025-06-20 15:47:36,744 [WARNING] No evaluations found for idFreelancer=18371 in b458b8febcef7e8b854ebdd7eda80b96.json.
2025-06-20 15:47:36,744 [WARNING] No evaluations found for idFreelancer=14038 in b4631d19343f260022ee73087c6e2eab.json.
2025-06-20 15:47:36,745 [WARNING] No evaluations found for idFreelancer=55 in b53b3a3d6ab90ce0268229151c9bde11.json.
2025-06-20 15:47:36,746 [WARNING] No evaluations found for idFreelancer=13473 in b594f8f8fcc3cc7910e2dcd4269a2e95.json.
2025-06-20 15:47:36,747 [WARNING] No evaluations found for idFreelancer=None in b59f635e9f984164bf71aa36a8dd265e.json.
2025-06-20 15:47:36,748 [INFO] Updated b5dc4e5d9b495d0196f61d45b26ef33e.json with 3 evaluations.
2025-06-20 15:47:36,750 [WARNING] No evaluations found for idFreelancer=14676 in b695c680f92ed7efbe95d056782827ad.json.
2025-06-20 15:47:36,750 [WARNING] No evaluations found for idFreelancer=None in b6b90237b3ebd1e462a5d11dbc5c4dae.json.
2025-06-20 15:47:36,751 [WARNING] No evaluations found for idFreelancer=2338 in b6cda17abb967ed28ec9610137aa45f7.json.
2025-06-20 15:47:36,753 [WARNING] No evaluations found for idFreelancer=999 in b706835de79a2b4e80506f582af3676a.json.
2025-06-20 15:47:36,754 [WARNING] No evaluations found for idFreelancer=None in b7087c1f4f89e63af8d46f3b20271153.json.
2025-06-20 15:47:36,755 [WARNING] No evaluations found for idFreelancer=876 in b710915795b9e9c02cf10d6d2bdb688c.json.
2025-06-20 15:47:36,756 [WARNING] No evaluations found for idFreelancer=17596 in b86b8c4fa6f55a31dd1964bd374d654f.json.
2025-06-20 15:47:36,757 [WARNING] No evaluations found for idFreelancer=845 in b86e8d03fe992d1b0e19656875ee557c.json.
2025-06-20 15:47:36,758 [WARNING] No evaluations found for idFreelancer=12848 in b8c4464e7ee7dc326d7807a8549e449f.json.
2025-06-20 15:47:36,759 [WARNING] No evaluations found for idFreelancer=16961 in b8d889c4e9b34bc7dc7a93a2a9a91070.json.
2025-06-20 15:47:36,760 [WARNING] No evaluations found for idFreelancer=None in b93f11867481fc6d77908aea58ba6198.json.
2025-06-20 15:47:36,761 [WARNING] No evaluations found for idFreelancer=None in ba1b3eba322eab5d895aa3023fe78b9c.json.
2025-06-20 15:47:36,762 [WARNING] No evaluations found for idFreelancer=732 in ba3866600c3540f67c1e9575e213be0a.json.
2025-06-20 15:47:36,763 [WARNING] No evaluations found for idFreelancer=11333 in ba530cdf0a884348613f2aaa3a5ba5e8.json.
2025-06-20 15:47:36,764 [WARNING] No evaluations found for idFreelancer=10676 in bc8741c4e92bbbca75ab9fe51f54664a.json.
2025-06-20 15:47:36,765 [WARNING] No evaluations found for idFreelancer=12466 in bd0bbd6f4ca059d60e92b3d4cbfa976b.json.
2025-06-20 15:47:36,766 [WARNING] No evaluations found for idFreelancer=797 in beb22fb694d513edcf5533cf006dfeae.json.
2025-06-20 15:47:36,767 [WARNING] No evaluations found for idFreelancer=383 in beed13602b9b0e6ecb5b568ff5058f07.json.
2025-06-20 15:47:36,768 [WARNING] No evaluations found for idFreelancer=12273 in befe5b0172188ad14d48c3ebe9cf76bf.json.
2025-06-20 15:47:36,770 [WARNING] No evaluations found for idFreelancer=10510 in bf0377d5a3968bac5aac7a10dfff1b86.json.
2025-06-20 15:47:36,771 [WARNING] No evaluations found for idFreelancer=18656 in bf0c0d36a5a3f240ccbc590fca184a7f.json.
2025-06-20 15:47:36,772 [WARNING] No evaluations found for idFreelancer=None in bf453f2614003078beb672654334ce15.json.
2025-06-20 15:47:36,773 [WARNING] No evaluations found for idFreelancer=None in bffc98347ee35b3ead06728d6f073c68.json.
2025-06-20 15:47:36,775 [WARNING] No evaluations found for idFreelancer=None in c06b57c153593ad97339f96585f6692a.json.
2025-06-20 15:47:36,775 [WARNING] No evaluations found for idFreelancer=16843 in c0b9031eabb6c34699a6427622186cdc.json.
2025-06-20 15:47:36,776 [INFO] Updated c20ad4d76fe97759aa27a0c99bff6710.json with 3 evaluations.
2025-06-20 15:47:36,777 [WARNING] No evaluations found for idFreelancer=12120 in c213877427b46fa96cff6c39e837ccee.json.
2025-06-20 15:47:36,778 [WARNING] No evaluations found for idFreelancer=None in c2839bed26321da8b466c80a032e4714.json.
2025-06-20 15:47:36,779 [WARNING] No evaluations found for idFreelancer=12760 in c30ca4400db3c72274c8ad819f688c21.json.
2025-06-20 15:47:36,780 [WARNING] No evaluations found for idFreelancer=None in c31b43829c7b4afe91ff4c0797247a76.json.
2025-06-20 15:47:36,781 [WARNING] No evaluations found for idFreelancer=12077 in c35a4c435947597d8ba9718c4d7d6643.json.
2025-06-20 15:47:36,782 [WARNING] No evaluations found for idFreelancer=None in c366c2c97d47b02b24c3ecade4c40a01.json.
2025-06-20 15:47:36,783 [WARNING] No evaluations found for idFreelancer=19555 in c3f400862abb2668f9c0cbe39cbb2469.json.
2025-06-20 15:47:36,784 [WARNING] No evaluations found for idFreelancer=10776 in c3f7a5ca6fa6409448a99f5a772828a8.json.
2025-06-20 15:47:36,785 [WARNING] No evaluations found for idFreelancer=116 in c45147dee729311ef5b5c3003946c48f.json.
2025-06-20 15:47:36,787 [WARNING] No evaluations found for idFreelancer=1227 in c4851e8e264415c4094e4e85b0baa7cc.json.
2025-06-20 15:47:36,788 [WARNING] No evaluations found for idFreelancer=8950 in c494d9524143b2ebe567475e985c19f7.json.
2025-06-20 15:47:36,789 [WARNING] No evaluations found for idFreelancer=12010 in c4b108f53550f1d5967305a9a8140ddd.json.
2025-06-20 15:47:36,790 [WARNING] No evaluations found for idFreelancer=7290 in c54d2118d6a3a2b06f07e9eeb240d741.json.
2025-06-20 15:47:36,791 [WARNING] No evaluations found for idFreelancer=9729 in c5a8c45bb92b22b295a2e79afdc26280.json.
2025-06-20 15:47:36,792 [WARNING] No evaluations found for idFreelancer=None in c5ff2543b53f4cc0ad3819a36752467b.json.
2025-06-20 15:47:36,793 [INFO] Updated c703c1c23ad683836fe8c1acce9b850a.json with 1 evaluations.
2025-06-20 15:47:36,794 [WARNING] No evaluations found for idFreelancer=1242 in c7a19fe3198a7cdef110e52e5b455e36.json.
2025-06-20 15:47:36,795 [WARNING] No evaluations found for idFreelancer=17152 in c7cd4536abacd24976a94ce7e5e10939.json.
2025-06-20 15:47:36,796 [WARNING] No evaluations found for idFreelancer=7770 in c802ceaa43e6ad9ddc511cab5f34789c.json.
2025-06-20 15:47:36,796 [WARNING] No evaluations found for idFreelancer=14723 in c80728aa924ef2e490a13188e1178518.json.
2025-06-20 15:47:36,798 [WARNING] No evaluations found for idFreelancer=None in c8194823937cbafcfcef5b0c21de59bd.json.
2025-06-20 15:47:36,798 [WARNING] No evaluations found for idFreelancer=None in c8a504a9a22d488a8d8f8fa7b890e20f.json.
2025-06-20 15:47:36,800 [WARNING] No evaluations found for idFreelancer=1214 in c8ba76c279269b1c6bc8a07e38e78fa4.json.
2025-06-20 15:47:36,800 [WARNING] No evaluations found for idFreelancer=10845 in c8f5b1786c5c5f89edf17f37dbca107e.json.
2025-06-20 15:47:36,802 [WARNING] No evaluations found for idFreelancer=571 in c9892a989183de32e976c6f04e700201.json.
2025-06-20 15:47:36,803 [WARNING] No evaluations found for idFreelancer=18688 in c9fef0f5571c58ecd8c845e3b0f4b7f7.json.
2025-06-20 15:47:36,803 [WARNING] No evaluations found for idFreelancer=214 in ca46c1b9512a7a8315fa3c5a946e8265.json.
2025-06-20 15:47:36,805 [WARNING] No evaluations found for idFreelancer=866 in ca8155f4d27f205953f9d3d7974bdd70.json.
2025-06-20 15:47:36,806 [WARNING] No evaluations found for idFreelancer=None in cb7c403aa312160380010ee3dd4bfc53.json.
2025-06-20 15:47:36,807 [WARNING] No evaluations found for idFreelancer=13142 in cbd37fc75cd08ceff5c904ec09374997.json.
2025-06-20 15:47:36,808 [WARNING] No evaluations found for idFreelancer=19415 in cc281a493d63c492153ba35b86dcc794.json.
2025-06-20 15:47:36,809 [WARNING] No evaluations found for idFreelancer=8034 in cc4af25fa9d2d5c953496579b75f6f6c.json.
2025-06-20 15:47:36,810 [WARNING] No evaluations found for idFreelancer=9436 in cc9109aa1f048c36d154d902612982e2.json.
2025-06-20 15:47:36,811 [WARNING] No evaluations found for idFreelancer=None in ccc0aa1b81bf81e16c676ddb977c5881.json.
2025-06-20 15:47:36,812 [WARNING] No evaluations found for idFreelancer=14277 in ccf4769973f7658ac976a063527c4292.json.
2025-06-20 15:47:36,813 [WARNING] No evaluations found for idFreelancer=1283 in cd0dce8fca267bf1fb86cf43e18d5598.json.
2025-06-20 15:47:36,814 [WARNING] No evaluations found for idFreelancer=1540 in cda72177eba360ff16b7f836e2754370.json.
2025-06-20 15:47:36,815 [WARNING] No evaluations found for idFreelancer=500 in cee631121c2ec9232f3a2f028ad5c89b.json.
2025-06-20 15:47:36,816 [WARNING] No evaluations found for idFreelancer=8316 in cf011ff8d8380280133bce806e0f7bb1.json.
2025-06-20 15:47:36,817 [WARNING] No evaluations found for idFreelancer=8888 in cf79ae6addba60ad018347359bd144d2.json.
2025-06-20 15:47:36,818 [WARNING] No evaluations found for idFreelancer=None in cfabd33d7dd5a2843aa772b8b1cee186.json.
2025-06-20 15:47:36,819 [WARNING] No evaluations found for idFreelancer=None in d04e5fdcd17f0616f965099351d2f2a1.json.
2025-06-20 15:47:36,820 [WARNING] No evaluations found for idFreelancer=7136 in d0f3cac4d12fa2668b1ffbc4e3254253.json.
2025-06-20 15:47:36,821 [WARNING] No evaluations found for idFreelancer=1285 in d106161033da24ceb07a0103fd837433.json.
2025-06-20 15:47:36,822 [WARNING] No evaluations found for idFreelancer=None in d14c2267d848abeb81fd590f371d39bd.json.
2025-06-20 15:47:36,823 [WARNING] No evaluations found for idFreelancer=2432 in d16509f6eaca1022bd8f28d6bc582cae.json.
2025-06-20 15:47:36,824 [INFO] Updated d17e6bcbcef8de3f7a00195cfa5706f1.json with 1 evaluations.
2025-06-20 15:47:36,825 [WARNING] No evaluations found for idFreelancer=11366 in d1c0956fb99f55d86496c562a2a71b17.json.
2025-06-20 15:47:36,826 [WARNING] No evaluations found for idFreelancer=16607 in d242f1a255d1bbb7e3a31d8b1f2fc901.json.
2025-06-20 15:47:36,827 [WARNING] No evaluations found for idFreelancer=8879 in d28d296b68b6ac1232353531256488b3.json.
2025-06-20 15:47:36,828 [WARNING] No evaluations found for idFreelancer=932 in d2ed45a52bc0edfa11c2064e9edee8bf.json.
2025-06-20 15:47:36,829 [WARNING] No evaluations found for idFreelancer=1870 in d305281faf947ca7acade9ad5c8c818c.json.
2025-06-20 15:47:36,830 [WARNING] No evaluations found for idFreelancer=12958 in d3779a48ccf8e469f915ffdbc55f6e2e.json.
2025-06-20 15:47:36,831 [WARNING] No evaluations found for idFreelancer=17018 in d3db718a011f94f39dd49b576d785b08.json.
2025-06-20 15:47:36,832 [WARNING] No evaluations found for idFreelancer=14914 in d41b5422b44a34d123006225fd1d3484.json.
2025-06-20 15:47:36,833 [WARNING] No evaluations found for idFreelancer=8995 in d469547325a320e660ba7f4bf05c7ecf.json.
2025-06-20 15:47:36,834 [WARNING] No evaluations found for idFreelancer=600 in d490d7b4576290fa60eb31b5fc917ad1.json.
2025-06-20 15:47:36,835 [WARNING] No evaluations found for idFreelancer=1873 in d4b2aeb2453bdadaa45cbe9882ffefcf.json.
2025-06-20 15:47:36,836 [WARNING] No evaluations found for idFreelancer=15503 in d4f457bca5d92483c063b48d7a33b36b.json.
2025-06-20 15:47:36,838 [WARNING] No evaluations found for idFreelancer=9175 in d563cb0699fbe7bc92d64815915918cd.json.
2025-06-20 15:47:36,839 [WARNING] No evaluations found for idFreelancer=10846 in d5b2bbd3e57d6c19003667a447475589.json.
2025-06-20 15:47:36,840 [WARNING] No evaluations found for idFreelancer=13254 in d6128a5c44f82653361a48a60cbc47c2.json.
2025-06-20 15:47:36,841 [WARNING] No evaluations found for idFreelancer=19183 in d629eddc95ad3b072b33e5363def437f.json.
2025-06-20 15:47:36,842 [WARNING] No evaluations found for idFreelancer=None in d6428eecbe0f7dff83fc607c5044b2b9.json.
2025-06-20 15:47:36,844 [WARNING] No evaluations found for idFreelancer=264 in d6baf65e0b240ce177cf70da146c8dc8.json.
2025-06-20 15:47:36,845 [WARNING] No evaluations found for idFreelancer=9415 in d6d231705f96d5a35aeb3a76402e49a3.json.
2025-06-20 15:47:36,846 [WARNING] No evaluations found for idFreelancer=13570 in d6d46a8525c3ddc4c970734e4146e9be.json.
2025-06-20 15:47:36,847 [WARNING] No evaluations found for idFreelancer=16806 in d6da0257d11fb247f4a607bae48f69d1.json.
2025-06-20 15:47:36,849 [WARNING] No evaluations found for idFreelancer=19471 in d7452285b4a99b53e9bfb896bedc3db5.json.
2025-06-20 15:47:36,850 [WARNING] No evaluations found for idFreelancer=None in d757719ed7c2b66dd17dcee2a3cb29f4.json.
2025-06-20 15:47:36,851 [WARNING] No evaluations found for idFreelancer=1838 in d7657583058394c828ee150fada65345.json.
2025-06-20 15:47:36,852 [WARNING] No evaluations found for idFreelancer=8296 in d77c703536718b95308130ff2e5cf9ee.json.
2025-06-20 15:47:36,854 [WARNING] No evaluations found for idFreelancer=609 in d7a728a67d909e714c0774e22cb806f2.json.
2025-06-20 15:47:36,855 [WARNING] No evaluations found for idFreelancer=11809 in d7ead5493404dfc648694a5793608bdf.json.
2025-06-20 15:47:36,856 [INFO] Updated d800149d2f947ad4d64f34668f8b20f6.json with 1 evaluations.
2025-06-20 15:47:36,857 [WARNING] No evaluations found for idFreelancer=None in d81f9c1be2e08964bf9f24b15f0e4900.json.
2025-06-20 15:47:36,858 [WARNING] No evaluations found for idFreelancer=8478 in d828725179d622a56f951e527a966ed7.json.
2025-06-20 15:47:36,859 [WARNING] No evaluations found for idFreelancer=7348 in d863d5ec458b0dc3b46cba96d9d49ac3.json.
2025-06-20 15:47:36,860 [WARNING] No evaluations found for idFreelancer=7768 in d87aa42cd08ba8612664a73dbdb64221.json.
2025-06-20 15:47:36,861 [WARNING] No evaluations found for idFreelancer=12406 in d8c33083ef391fb58934b7745d71e8ad.json.
2025-06-20 15:47:36,862 [WARNING] No evaluations found for idFreelancer=15054 in d9a849054248cb8a75faa6faadb62507.json.
2025-06-20 15:47:36,863 [WARNING] No evaluations found for idFreelancer=1280 in da11e8cd1811acb79ccf0fd62cd58f86.json.
2025-06-20 15:47:36,864 [WARNING] No evaluations found for idFreelancer=428 in da422e857721f964a2550ba7b98f29a6.json.
2025-06-20 15:47:36,865 [WARNING] No evaluations found for idFreelancer=13452 in da5da79fc8144f79ca907a04066edcd2.json.
2025-06-20 15:47:36,866 [WARNING] No evaluations found for idFreelancer=None in da5dc4875e3401ea2bd35ee8f56277a6.json.
2025-06-20 15:47:36,869 [WARNING] No evaluations found for idFreelancer=None in dabd8d2ce74e782c65a973ef76fd540b.json.
2025-06-20 15:47:36,870 [WARNING] No evaluations found for idFreelancer=None in daca41214b39c5dc66674d09081940f0.json.
2025-06-20 15:47:36,872 [WARNING] No evaluations found for idFreelancer=11272 in dbdc69ea6ccbdea0ca2d796e1af24ebf.json.
2025-06-20 15:47:36,873 [INFO] Updated dc912a253d1e9ba40e2c597ed2376640.json with 1 evaluations.
2025-06-20 15:47:36,875 [WARNING] No evaluations found for idFreelancer=7404 in dcc5c249e15c211f21e1da0f3ba66169.json.
2025-06-20 15:47:36,877 [WARNING] No evaluations found for idFreelancer=2396 in dcf6070a4ab7f3afbfd2809173e0824b.json.
2025-06-20 15:47:36,878 [WARNING] No evaluations found for idFreelancer=9896 in dd1970fb03877a235d530476eb727dab.json.
2025-06-20 15:47:36,880 [WARNING] No evaluations found for idFreelancer=19116 in dd2bdf6cb881176bc2c0c568e1a180fa.json.
2025-06-20 15:47:36,882 [WARNING] No evaluations found for idFreelancer=14030 in dd33a21f7b5d1e39ae66b67be7a6d253.json.
2025-06-20 15:47:36,883 [WARNING] No evaluations found for idFreelancer=568 in dd458505749b2941217ddd59394240e8.json.
2025-06-20 15:47:36,885 [WARNING] No evaluations found for idFreelancer=10591 in dd4729902a3476b2bc9675e3530a852c.json.
2025-06-20 15:47:36,886 [WARNING] No evaluations found for idFreelancer=7860 in ddb4955263e6c08179393d1beaf18602.json.
2025-06-20 15:47:36,888 [WARNING] No evaluations found for idFreelancer=None in de073d2cffa991f936d6a7aa7bca3425.json.
2025-06-20 15:47:36,890 [WARNING] No evaluations found for idFreelancer=13235 in de312ddeff82ecc47ed90967ed3cbc91.json.
2025-06-20 15:47:36,891 [WARNING] No evaluations found for idFreelancer=1906 in dea9ddb25cbf2352cf4dec30222a02a5.json.
2025-06-20 15:47:36,893 [WARNING] No evaluations found for idFreelancer=13034 in e0154ac829acb5cb5735e1d1e7f48c68.json.
2025-06-20 15:47:36,894 [WARNING] No evaluations found for idFreelancer=17902 in e0dc61eceffa1a7dff9d396b4b7c5011.json.
2025-06-20 15:47:36,896 [WARNING] No evaluations found for idFreelancer=9495 in e0e6518d2cac6a5b1fa6b05498a5e7be.json.
2025-06-20 15:47:36,898 [WARNING] No evaluations found for idFreelancer=9798 in e21cece511f43a5cb18d4932429915ed.json.
2025-06-20 15:47:36,901 [WARNING] No evaluations found for idFreelancer=None in e2c4c0b38669387a2a842e1fe391d233.json.
2025-06-20 15:47:36,905 [WARNING] No evaluations found for idFreelancer=None in e2db7186375992e729165726762cb4c1.json.
2025-06-20 15:47:36,907 [WARNING] No evaluations found for idFreelancer=11124 in e3050c2fe9297974cbf4328fa4f98d42.json.
2025-06-20 15:47:36,909 [WARNING] No evaluations found for idFreelancer=16438 in e33b5ba509e687654cd19c642ac2dc09.json.
2025-06-20 15:47:36,910 [WARNING] No evaluations found for idFreelancer=8574 in e345fac6bc5c868f0222430c733fa26e.json.
2025-06-20 15:47:36,911 [WARNING] No evaluations found for idFreelancer=8952 in e3670ce0c315396e4836d7024abcf3dd.json.
2025-06-20 15:47:36,913 [WARNING] No evaluations found for idFreelancer=8138 in e430ad64df3de73e6be33bcb7f6d0dac.json.
2025-06-20 15:47:36,915 [WARNING] No evaluations found for idFreelancer=11842 in e44491d231b7c45260ec02d2f9f8827b.json.
2025-06-20 15:47:36,917 [WARNING] No evaluations found for idFreelancer=13106 in e45c2dc8d9e5b215ea141f2f609100f9.json.
2025-06-20 15:47:36,922 [WARNING] No evaluations found for idFreelancer=15470 in e5732492e9d1ef72fee339a293b2f9e8.json.
2025-06-20 15:47:36,924 [WARNING] No evaluations found for idFreelancer=772 in e57c6b956a6521b28495f2886ca0977a.json.
2025-06-20 15:47:36,925 [WARNING] No evaluations found for idFreelancer=None in e6051b3bfe716cc4a38c2f39ec199873.json.
2025-06-20 15:47:36,927 [WARNING] No evaluations found for idFreelancer=9869 in e64c9ec33f19c7de745bd6b6d1a7a86e.json.
2025-06-20 15:47:36,928 [WARNING] No evaluations found for idFreelancer=11839 in e6a88d08e6f74bd95b169002762b1841.json.
2025-06-20 15:47:36,930 [WARNING] No evaluations found for idFreelancer=13215 in e6c19a87ef9e816e02ce247d4f41d38a.json.
2025-06-20 15:47:36,930 [WARNING] No evaluations found for idFreelancer=17432 in e6fb52c108655e3dbb47bfeccce12131.json.
2025-06-20 15:47:36,932 [WARNING] No evaluations found for idFreelancer=1274 in e702e51da2c0f5be4dd354bb3e295d37.json.
2025-06-20 15:47:36,933 [WARNING] No evaluations found for idFreelancer=18249 in e743a091199384909e62fdb62d701810.json.
2025-06-20 15:47:36,935 [WARNING] No evaluations found for idFreelancer=968 in e744f91c29ec99f0e662c9177946c627.json.
2025-06-20 15:47:36,936 [WARNING] No evaluations found for idFreelancer=8346 in e7db14e12fb49c1d78a573e6e5f542c2.json.
2025-06-20 15:47:36,938 [WARNING] No evaluations found for idFreelancer=1480 in e816c635cad85a60fabd6b97b03cbcc9.json.
2025-06-20 15:47:36,940 [WARNING] No evaluations found for idFreelancer=17428 in e820a45f1dfc7b95282d10b6087e11c0.json.
2025-06-20 15:47:36,940 [WARNING] No evaluations found for idFreelancer=12622 in e9352a44851329428546289d02ba92b6.json.
2025-06-20 15:47:36,942 [INFO] Updated e96c7de8f6390b1e6c71556e4e0a4959.json with 2 evaluations.
2025-06-20 15:47:36,943 [WARNING] No evaluations found for idFreelancer=734 in e995f98d56967d946471af29d7bf99f1.json.
2025-06-20 15:47:36,945 [WARNING] No evaluations found for idFreelancer=17833 in ea2e44965e2fc72273d0a41e9bc79805.json.
2025-06-20 15:47:36,946 [WARNING] No evaluations found for idFreelancer=12830 in eaf90ea9a5c3866af372589e011d4242.json.
2025-06-20 15:47:36,947 [WARNING] No evaluations found for idFreelancer=1852 in eb1e78328c46506b46a4ac4a1e378b91.json.
2025-06-20 15:47:36,949 [WARNING] No evaluations found for idFreelancer=14018 in ebc82ddcaa790d66bba665311ead3045.json.
2025-06-20 15:47:36,950 [WARNING] No evaluations found for idFreelancer=12477 in ebf59110c0306610e192bd156d58c4e3.json.
2025-06-20 15:47:36,952 [WARNING] No evaluations found for idFreelancer=None in ec4de54f2f3afa14175e5eabfc16ce1f.json.
2025-06-20 15:47:36,954 [WARNING] No evaluations found for idFreelancer=9662 in ec6826e925952de7a90be595700f4189.json.
2025-06-20 15:47:36,955 [WARNING] No evaluations found for idFreelancer=8612 in ec79d4bed810ed64267d169b0d37373e.json.
2025-06-20 15:47:36,956 [WARNING] No evaluations found for idFreelancer=None in ecf906a99fb0d66f7aea10c5504b88cb.json.
2025-06-20 15:47:36,957 [WARNING] No evaluations found for idFreelancer=13187 in ed2357bbbd318d584d579d024d9fd808.json.
2025-06-20 15:47:36,959 [WARNING] No evaluations found for idFreelancer=None in ed45e77e699645c84f3f27b7b5ad1e2d.json.
2025-06-20 15:47:36,959 [WARNING] No evaluations found for idFreelancer=None in eedc6ed006e6f49a7010013cc1fd8a3f.json.
2025-06-20 15:47:36,961 [WARNING] No evaluations found for idFreelancer=18707 in eef83da5f4bf1168b71baec76e8d17cb.json.
2025-06-20 15:47:36,962 [WARNING] No evaluations found for idFreelancer=None in ef0d3930a7b6c95bd2b32ed45989c61f.json.
2025-06-20 15:47:36,963 [WARNING] No evaluations found for idFreelancer=472 in ef575e8837d065a1683c022d2077d342.json.
2025-06-20 15:47:36,964 [WARNING] No evaluations found for idFreelancer=19364 in ef8051ce270059a142fcb0b3e47b1cd4.json.
2025-06-20 15:47:36,966 [WARNING] No evaluations found for idFreelancer=None in ef8f157ca5b0983df9112aaca855ec2b.json.
2025-06-20 15:47:36,967 [WARNING] No evaluations found for idFreelancer=13587 in efc52ad8c8b25e39ff87d69407971378.json.
2025-06-20 15:47:36,969 [WARNING] No evaluations found for idFreelancer=11972 in f00e1df0c9e961695bd1c1d9816d0c04.json.
2025-06-20 15:47:36,970 [WARNING] No evaluations found for idFreelancer=7879 in f0282b5ff85e7c9c66200d780bd7e72e.json.
2025-06-20 15:47:36,972 [WARNING] No evaluations found for idFreelancer=15437 in f02b3153b7cd94c63d06aca54cb1e6e6.json.
2025-06-20 15:47:36,973 [WARNING] No evaluations found for idFreelancer=12623 in f06d497659096949ed7c01894ba38694.json.
2025-06-20 15:47:36,974 [WARNING] No evaluations found for idFreelancer=10821 in f0bbf5fb2b067fda7b491dc2307411e4.json.
2025-06-20 15:47:36,976 [WARNING] No evaluations found for idFreelancer=11105 in f0f07e680de407b0f12abf15bd520097.json.
2025-06-20 15:47:36,977 [WARNING] No evaluations found for idFreelancer=7211 in f10f2da9a238b746d2bac55759915f0d.json.
2025-06-20 15:47:36,979 [WARNING] No evaluations found for idFreelancer=19629 in f12a6a7477077af66212ef0813bcf332.json.
2025-06-20 15:47:36,980 [WARNING] No evaluations found for idFreelancer=10663 in f1b77376e6da9ea8126410f9331886e8.json.
2025-06-20 15:47:36,982 [WARNING] No evaluations found for idFreelancer=None in f1f485b532be392dd7964f94dbd0562a.json.
2025-06-20 15:47:36,983 [WARNING] No evaluations found for idFreelancer=14003 in f2671992766736eaee5018a1de716c86.json.
2025-06-20 15:47:36,986 [WARNING] No evaluations found for idFreelancer=1836 in f26dab9bf6a137c3b6782e562794c2f2.json.
2025-06-20 15:47:36,988 [WARNING] No evaluations found for idFreelancer=None in f277335b0fda4885798095b94a3d0bc8.json.
2025-06-20 15:47:36,989 [WARNING] No evaluations found for idFreelancer=None in f2fc990265c712c49d51a18a32b39f0c.json.
2025-06-20 15:47:36,991 [WARNING] No evaluations found for idFreelancer=1603 in f3067d687ee39c3cbfa75573457e479d.json.
2025-06-20 15:47:36,992 [WARNING] No evaluations found for idFreelancer=18263 in f334fd0f4700b83c04b5ffb104bdbcd0.json.
2025-06-20 15:47:36,994 [WARNING] No evaluations found for idFreelancer=553 in f387624df552cea2f369918c5e1e12bc.json.
2025-06-20 15:47:36,996 [WARNING] No evaluations found for idFreelancer=9323 in f42fff7bf91c9292a6a6dd4ee86eee6c.json.
2025-06-20 15:47:36,997 [WARNING] No evaluations found for idFreelancer=1846 in f45a1078feb35de77d26b3f7a52ef502.json.
2025-06-20 15:47:36,998 [WARNING] No evaluations found for idFreelancer=12034 in f45ab3a13b96528881ffe7a63b547e79.json.
2025-06-20 15:47:37,000 [WARNING] No evaluations found for idFreelancer=18116 in f474573a89a8f1da580cbfd9b0fecd33.json.
2025-06-20 15:47:37,003 [WARNING] No evaluations found for idFreelancer=528 in f4be00279ee2e0a53eafdaa94a151e2c.json.
2025-06-20 15:47:37,005 [WARNING] No evaluations found for idFreelancer=11072 in f51338d736f95dd42427296047067694.json.
2025-06-20 15:47:37,007 [WARNING] No evaluations found for idFreelancer=7304 in f52db9f7c0ae7017ee41f63c2a7353bc.json.
2025-06-20 15:47:37,008 [WARNING] No evaluations found for idFreelancer=11400 in f56de5ef149cf0aedcc8f4797031e229.json.
2025-06-20 15:47:37,010 [WARNING] No evaluations found for idFreelancer=None in f591ed4b09492933c2de77c78c9d9a66.json.
2025-06-20 15:47:37,012 [WARNING] No evaluations found for idFreelancer=450 in f5f8590cd58a54e94377e6ae2eded4d9.json.
2025-06-20 15:47:37,014 [WARNING] No evaluations found for idFreelancer=375 in f61d6947467ccd3aa5af24db320235dd.json.
2025-06-20 15:47:37,016 [WARNING] No evaluations found for idFreelancer=None in f665651bcc641391820b462874c05e16.json.
2025-06-20 15:47:37,020 [WARNING] No evaluations found for idFreelancer=None in f6950025e8c79788ef9fb271f8ba8ac5.json.
2025-06-20 15:47:37,022 [WARNING] No evaluations found for idFreelancer=8965 in f6e25176c96f7d7c8c7d74ff8babee5d.json.
2025-06-20 15:47:37,024 [WARNING] No evaluations found for idFreelancer=15047 in f8b18593cdbb1ce289330560a44e33aa.json.
2025-06-20 15:47:37,026 [WARNING] No evaluations found for idFreelancer=2064 in f8bf09f5fceaea80e1f864a1b48938bf.json.
2025-06-20 15:47:37,028 [WARNING] No evaluations found for idFreelancer=None in f8e59f4b2fe7c5705bf878bbd494ccdf.json.
2025-06-20 15:47:37,030 [WARNING] No evaluations found for idFreelancer=None in f8e918489f1e0a81ff11312f4d0630c1.json.
2025-06-20 15:47:37,032 [WARNING] No evaluations found for idFreelancer=838 in f9028faec74be6ec9b852b0a542e2f39.json.
2025-06-20 15:47:37,034 [WARNING] No evaluations found for idFreelancer=8813 in f90bebdc692f68ebf8f1dee68a01a8e0.json.
2025-06-20 15:47:37,041 [WARNING] No evaluations found for idFreelancer=17373 in f96f9be4a7f4fa8ad6803378e0529ebc.json.
2025-06-20 15:47:37,046 [WARNING] No evaluations found for idFreelancer=8754 in fa733611ef13bd333ebfbab7eed14b63.json.
2025-06-20 15:47:37,047 [WARNING] No evaluations found for idFreelancer=None in fa7cdfad1a5aaf8370ebeda47a1ff1c3.json.
2025-06-20 15:47:37,049 [WARNING] No evaluations found for idFreelancer=None in fb51aea2099d8fbdfe50a5cd69ff8e50.json.
2025-06-20 15:47:37,051 [WARNING] No evaluations found for idFreelancer=12153 in fb5d9e209ebda9ab6556a31639190622.json.
2025-06-20 15:47:37,053 [WARNING] No evaluations found for idFreelancer=15794 in fc133194812b3983d793d362c4fe97e7.json.
2025-06-20 15:47:37,055 [WARNING] No evaluations found for idFreelancer=None in fc7079c59bf3610c28028522c22f6ef8.json.
2025-06-20 15:47:37,057 [WARNING] No evaluations found for idFreelancer=12510 in fc79f85644e61b73336061894220e641.json.
2025-06-20 15:47:37,059 [WARNING] No evaluations found for idFreelancer=None in fc8956a9c5bb091ed488e75e3df5ae4f.json.
2025-06-20 15:47:37,061 [WARNING] No evaluations found for idFreelancer=None in fcbfab2f4cda26061ed9e3ee96a4fd61.json.
2025-06-20 15:47:37,062 [WARNING] No evaluations found for idFreelancer=680 in fccb3cdc9acc14a6e70a12f74560c026.json.
2025-06-20 15:47:37,063 [WARNING] No evaluations found for idFreelancer=None in fd1095d744e5a2ba86ca7a9870aa6730.json.
2025-06-20 15:47:37,064 [WARNING] No evaluations found for idFreelancer=17423 in fd40463bdad3ce3d82883121161c416e.json.
2025-06-20 15:47:37,065 [WARNING] No evaluations found for idFreelancer=12602 in fd8979ada2fd5bab05e9c5f035a5c4c7.json.
2025-06-20 15:47:37,066 [WARNING] No evaluations found for idFreelancer=14328 in fda6baab618b39821b678bd52ff26428.json.
2025-06-20 15:47:37,068 [WARNING] No evaluations found for idFreelancer=None in fdb2c3bab9d0701c4a050a4d8d782c7f.json.
2025-06-20 15:47:37,069 [WARNING] No evaluations found for idFreelancer=578 in fde9264cf376fffe2ee4ddf4a988880d.json.
2025-06-20 15:47:37,071 [WARNING] No evaluations found for idFreelancer=9043 in fdfb747f3811c255ad0e32fce91d72df.json.
2025-06-20 15:47:37,073 [WARNING] No evaluations found for idFreelancer=986 in fe7ee8fc1959cc7214fa21c4840dff0a.json.
2025-06-20 15:47:37,075 [WARNING] No evaluations found for idFreelancer=8769 in fea33a31df7d05a276193d32621ecbe4.json.
2025-06-20 15:47:37,076 [WARNING] No evaluations found for idFreelancer=18240 in fea427597536f3e21482196d31927037.json.
2025-06-20 15:47:37,078 [WARNING] No evaluations found for idFreelancer=8923 in fedc604da8b0f9af74b6cfc0fab2163c.json.
2025-06-20 15:47:37,079 [WARNING] No evaluations found for idFreelancer=7263 in feeef9bd04fac1765263893621bb4811.json.
2025-06-20 15:47:37,080 [WARNING] No evaluations found for idFreelancer=17275 in ff356077cd5c5aed76a08459f3b6416d.json.
2025-06-20 15:47:37,081 [WARNING] No evaluations found for idFreelancer=12673 in fffb8ef15de06d87e6ba6c830f3b6284.json.
2025-06-20 15:47:37,083 [INFO] Process complete. Updated: 19, Missing: 838
2025-06-20 15:47:37,083 [INFO] \u2705 Finished adding evaluations to enriched JSON files.
2025-06-24 00:29:27,256 [INFO] \U0001f50d Starting to add evaluations to enriched JSON files...
2025-06-24 00:29:27,309 [WARNING] No evaluations found for idFreelancer=8878 in 0044deeec43ded19b952125079eb1781.json.
2025-06-24 00:29:27,312 [WARNING] No evaluations found for idFreelancer=None in 00a2aa5c43a94f625ebf713cb5bfb091.json.
2025-06-24 00:29:27,314 [WARNING] No evaluations found for idFreelancer=14916 in 00b99e87221c9afb0c0c23c3fb403307.json.
2025-06-24 00:29:27,337 [WARNING] No evaluations found for idFreelancer=None in 01741e5669e3f7622b92810ab0449276.json.
2025-06-24 00:29:27,360 [WARNING] No evaluations found for idFreelancer=9552 in 019fa4fdf1c04cf73ba25aa2223769cd.json.
2025-06-24 00:29:27,381 [WARNING] No evaluations found for idFreelancer=None in 01bebc8e971d09cb90cf5756b340f24c.json.
2025-06-24 00:29:27,402 [WARNING] No evaluations found for idFreelancer=8473 in 023d0a5671efd29e80b4deef8262e297.json.
2025-06-24 00:29:27,422 [WARNING] No evaluations found for idFreelancer=17100 in 023f12b8e1d9987cc9a497bb7beeb93b.json.
2025-06-24 00:29:27,442 [WARNING] No evaluations found for idFreelancer=9684 in 03287fcce194dbd958c2ec5b33705912.json.
2025-06-24 00:29:27,462 [WARNING] No evaluations found for idFreelancer=14421 in 036ad3e516c5bf3a4b3be35b137bcbb8.json.
2025-06-24 00:29:27,486 [WARNING] No evaluations found for idFreelancer=None in 03bc8e45ce4903b86f933ebb1fedbc44.json.
2025-06-24 00:29:27,505 [WARNING] No evaluations found for idFreelancer=1089 in 03f544613917945245041ea1581df0c2.json.
2025-06-24 00:29:27,526 [WARNING] No evaluations found for idFreelancer=367 in 05049e90fa4f5039a8cadc6acbb4b2cc.json.
2025-06-24 00:29:27,547 [WARNING] No evaluations found for idFreelancer=14046 in 050553d40196ef109fff37cbb40aaf28.json.
2025-06-24 00:29:27,570 [WARNING] No evaluations found for idFreelancer=17521 in 05187e56cce6ec71e229dc98e8bf27f0.json.
2025-06-24 00:29:27,593 [WARNING] No evaluations found for idFreelancer=None in 05311655a15b75fab86956663e1819cd.json.
2025-06-24 00:29:27,614 [WARNING] No evaluations found for idFreelancer=None in 05425f51eaeab268c26a5d42f2ccedaf.json.
2025-06-24 00:29:27,636 [WARNING] No evaluations found for idFreelancer=None in 054d8676703eb94453c7239558b16daf.json.
2025-06-24 00:29:27,657 [WARNING] No evaluations found for idFreelancer=18789 in 06f16510fb0dc706bb81d01ff33df729.json.
2025-06-24 00:29:27,680 [WARNING] No evaluations found for idFreelancer=None in 07042ac7d03d3b9911a00da43ce0079a.json.
2025-06-24 00:29:27,700 [WARNING] No evaluations found for idFreelancer=1583 in 076023edc9187cf1ac1f1163470e479a.json.
2025-06-24 00:29:27,720 [WARNING] No evaluations found for idFreelancer=249 in 077e29b11be80ab57e1a2ecabb7da330.json.
2025-06-24 00:29:27,742 [WARNING] No evaluations found for idFreelancer=None in 07a4e20a7bbeeb7a736682b26b16ebe8.json.
2025-06-24 00:29:27,763 [WARNING] No evaluations found for idFreelancer=8743 in 081be9fdff07f3bc808f935906ef70c0.json.
2025-06-24 00:29:27,784 [WARNING] No evaluations found for idFreelancer=7950 in 08808cfb5939be387af3c159b83c6b98.json.
2025-06-24 00:29:27,805 [WARNING] No evaluations found for idFreelancer=9299 in 096b826c74d0c38d76aa6dbae35ed59d.json.
2025-06-24 00:29:27,826 [WARNING] No evaluations found for idFreelancer=9254 in 09d90af096ee93aae1cecbb338d43020.json.
2025-06-24 00:29:27,828 [WARNING] No evaluations found for idFreelancer=8962 in 0a3df70393993583a13c0dd6686f3f32.json.
2025-06-24 00:29:27,831 [WARNING] No evaluations found for idFreelancer=19147 in 0a4afc550434c2fa75a83a3fbdb408d0.json.
2025-06-24 00:29:27,853 [WARNING] No evaluations found for idFreelancer=9091 in 0a7d7a81e8e3a20e4c34748e98ef45f6.json.
2025-06-24 00:29:27,855 [WARNING] No evaluations found for idFreelancer=8646 in 0a9fdbb17feb6ccb7ec405cfb85222c4.json.
2025-06-24 00:29:27,857 [WARNING] No evaluations found for idFreelancer=9764 in 0aa2ebf701adab64a123a01be6dcc018.json.
2025-06-24 00:29:27,858 [WARNING] No evaluations found for idFreelancer=12123 in 0acf03f408f90ea0dcba786d300620db.json.
2025-06-24 00:29:27,860 [WARNING] No evaluations found for idFreelancer=2091 in 0b1ec366924b26fc98fa7b71a9c249cf.json.
2025-06-24 00:29:27,863 [WARNING] No evaluations found for idFreelancer=9493 in 0b4078ee99ffc88fb383ffcdcd377d67.json.
2025-06-24 00:29:27,864 [WARNING] No evaluations found for idFreelancer=17262 in 0b823d8b45ee3eaf26e538b6cff6f451.json.
2025-06-24 00:29:27,865 [WARNING] No evaluations found for idFreelancer=None in 0c14d9e1250da76981b5fac734227f0a.json.
2025-06-24 00:29:27,867 [WARNING] No evaluations found for idFreelancer=8622 in 0c52d419a421fb13bb58357e67b7fb4b.json.
2025-06-24 00:29:27,869 [WARNING] No evaluations found for idFreelancer=8890 in 0cc6928e741d75e7a92396317522069e.json.
2025-06-24 00:29:27,891 [WARNING] No evaluations found for idFreelancer=None in 0ce98f53e3aa229aa2f31b16e5dcbb4b.json.
2025-06-24 00:29:27,914 [WARNING] No evaluations found for idFreelancer=None in 0d22da4bd124d386f5546323c45bc924.json.
2025-06-24 00:29:27,937 [WARNING] No evaluations found for idFreelancer=None in 0d2cf688695b43e2b42d77b481f71222.json.
2025-06-24 00:29:27,960 [WARNING] No evaluations found for idFreelancer=413 in 0deb1c54814305ca9ad266f53bc82511.json.
2025-06-24 00:29:27,980 [WARNING] No evaluations found for idFreelancer=1183 in 0e095e054ee94774d6a496099eb1cf6a.json.
2025-06-24 00:29:28,000 [WARNING] No evaluations found for idFreelancer=7554 in 0e16366727185813f59d4a9467878901.json.
2025-06-24 00:29:28,021 [WARNING] No evaluations found for idFreelancer=13237 in 0e762b65028402721e10bbc97ede52b7.json.
2025-06-24 00:29:28,041 [WARNING] No evaluations found for idFreelancer=15919 in 0ebcdb06cf4d039f0d08b356c26bc466.json.
2025-06-24 00:29:28,060 [WARNING] No evaluations found for idFreelancer=7863 in 0ef037ce94ff9b7930d095a7e2ffee1f.json.
2025-06-24 00:29:28,080 [WARNING] No evaluations found for idFreelancer=14530 in 0f701e22c252a24d9449e829b0c21666.json.
2025-06-24 00:29:28,097 [WARNING] No evaluations found for idFreelancer=10209 in 0f83556a305d789b1d71815e8ea4f4b0.json.
2025-06-24 00:29:28,112 [WARNING] No evaluations found for idFreelancer=19309 in 0f8a6c1689a55493677426059495e532.json.
2025-06-24 00:29:28,129 [WARNING] No evaluations found for idFreelancer=7709 in 0f9cfb7a9acced8a4167ea8006fdd080.json.
2025-06-24 00:29:28,147 [WARNING] No evaluations found for idFreelancer=8822 in 1074cf6dee6fd3a453ea3fa9d190a430.json.
2025-06-24 00:29:28,165 [WARNING] No evaluations found for idFreelancer=8462 in 108670e12c6e0fcf4d959fc8d2eabef6.json.
2025-06-24 00:29:28,188 [WARNING] No evaluations found for idFreelancer=802 in 1141938ba2c2b13f5505d7c424ebae5f.json.
2025-06-24 00:29:28,212 [WARNING] No evaluations found for idFreelancer=9283 in 1147dc16a8e1b44eead07282cad093f8.json.
2025-06-24 00:29:28,235 [WARNING] No evaluations found for idFreelancer=None in 118d579a49f315ad23ee0ef10f564bdc.json.
2025-06-24 00:29:28,257 [WARNING] No evaluations found for idFreelancer=1898 in 11f524c3fbfeeca4aa916edcb6b6392e.json.
2025-06-24 00:29:28,276 [WARNING] No evaluations found for idFreelancer=9139 in 11f9e78e4899a78dedd439fc583b6693.json.
2025-06-24 00:29:28,299 [WARNING] No evaluations found for idFreelancer=18216 in 1255580674a2f99d63e59950c956bf97.json.
2025-06-24 00:29:28,335 [WARNING] No evaluations found for idFreelancer=13643 in 12c5d905338ad27185308ae3269ef888.json.
2025-06-24 00:29:28,385 [WARNING] No evaluations found for idFreelancer=17010 in 1345df26413e5a97ce4bddd35cad74b8.json.
2025-06-24 00:29:28,422 [WARNING] No evaluations found for idFreelancer=2058 in 1359aa933b48b754a2f54adb688bfa77.json.
2025-06-24 00:29:28,464 [WARNING] No evaluations found for idFreelancer=263 in 13f9896df61279c928f19721878fac41.json.
2025-06-24 00:29:28,509 [WARNING] No evaluations found for idFreelancer=None in 1427e10d92d23fb0476c58351417849e.json.
2025-06-24 00:29:28,540 [WARNING] No evaluations found for idFreelancer=7344 in 14da15db887a4b50efe5c1bc66537089.json.
2025-06-24 00:29:28,585 [WARNING] No evaluations found for idFreelancer=1804 in 14faf969228fc18fcd4fcf59437b0c97.json.
2025-06-24 00:29:28,631 [WARNING] No evaluations found for idFreelancer=13144 in 1572ed60024e708cf21c4c6f19e7d550.json.
2025-06-24 00:29:28,674 [INFO] Updated 158fc2ddd52ec2cf54d3c161f2dd6517.json with 2 evaluations.
2025-06-24 00:29:28,714 [WARNING] No evaluations found for idFreelancer=None in 15d496c747570c7e50bdcd422bee5576.json.
2025-06-24 00:29:28,755 [WARNING] No evaluations found for idFreelancer=19435 in 15ef9d499850bb871944e0b52083173a.json.
2025-06-24 00:29:28,788 [WARNING] No evaluations found for idFreelancer=10374 in 16a4d8f9442ec82c5d390079cad8f194.json.
2025-06-24 00:29:28,833 [WARNING] No evaluations found for idFreelancer=12060 in 16d8a58d14a62420c9a1cbc088035e31.json.
2025-06-24 00:29:28,876 [WARNING] No evaluations found for idFreelancer=19459 in 16e58d932f3bf986116b9802a7bfeb19.json.
2025-06-24 00:29:28,921 [WARNING] No evaluations found for idFreelancer=7149 in 16f852a6d01b6065c8ff5cc11caae9c6.json.
2025-06-24 00:29:28,954 [WARNING] No evaluations found for idFreelancer=19186 in 171b3569124a791f200cd7be51be1a43.json.
2025-06-24 00:29:28,977 [WARNING] No evaluations found for idFreelancer=7438 in 178b0113689dce8a7e48360c3886dc99.json.
2025-06-24 00:29:28,995 [WARNING] No evaluations found for idFreelancer=7923 in 17a3120e4e5fbdc3cb5b5f946809b06a.json.
2025-06-24 00:29:29,019 [WARNING] No evaluations found for idFreelancer=629 in 17d63b1625c816c22647a73e1482372b.json.
2025-06-24 00:29:29,045 [WARNING] No evaluations found for idFreelancer=627 in 185c29dc24325934ee377cfda20e414c.json.
2025-06-24 00:29:29,067 [WARNING] No evaluations found for idFreelancer=9258 in 1868f17c2c15b5eafdc3cce2f5ac97d5.json.
2025-06-24 00:29:29,097 [WARNING] No evaluations found for idFreelancer=14026 in 186a157b2992e7daed3677ce8e9fe40f.json.
2025-06-24 00:29:29,122 [WARNING] No evaluations found for idFreelancer=10187 in 18df51b97ccd68128e994804f3eccc87.json.
2025-06-24 00:29:29,151 [WARNING] No evaluations found for idFreelancer=13353 in 18e8bbd4a4a899afc26a4c8a12a1c308.json.
2025-06-24 00:29:29,174 [WARNING] No evaluations found for idFreelancer=8434 in 1906f3350e1fa43adced642ff351c943.json.
2025-06-24 00:29:29,203 [WARNING] No evaluations found for idFreelancer=None in 1943102704f8f8f3302c2b730728e023.json.
2025-06-24 00:29:29,224 [WARNING] No evaluations found for idFreelancer=10954 in 19ae449792fac7866a7d551fc38c08ed.json.
2025-06-24 00:29:29,255 [WARNING] No evaluations found for idFreelancer=None in 19bc916108fc6938f52cb96f7e087941.json.
2025-06-24 00:29:29,283 [WARNING] No evaluations found for idFreelancer=251 in 19f3cd308f1455b3fa09a282e0d496f4.json.
2025-06-24 00:29:29,312 [WARNING] No evaluations found for idFreelancer=17590 in 1a26a28c4beba1bd232cd88b972438cd.json.
2025-06-24 00:29:29,341 [WARNING] No evaluations found for idFreelancer=17501 in 1a81859544a7eff3e599b8c322559c00.json.
2025-06-24 00:29:29,371 [WARNING] No evaluations found for idFreelancer=13207 in 1a8207690ac54d845f7a57dd468970fa.json.
2025-06-24 00:29:29,399 [WARNING] No evaluations found for idFreelancer=11206 in 1ac978c8020be6d7212aa71d4f040fc3.json.
2025-06-24 00:29:29,423 [WARNING] No evaluations found for idFreelancer=15742 in 1b12189170921fa4ac5414db98f542de.json.
2025-06-24 00:29:29,442 [WARNING] No evaluations found for idFreelancer=8270 in 1b486d7a5189ebe8d8c46afc64b0d1b4.json.
2025-06-24 00:29:29,462 [WARNING] No evaluations found for idFreelancer=12163 in 1b5e669dd84003f7a70da7724e5cba93.json.
2025-06-24 00:29:29,482 [WARNING] No evaluations found for idFreelancer=8106 in 1b742ae215adf18b75449c6e272fd92d.json.
2025-06-24 00:29:29,504 [WARNING] No evaluations found for idFreelancer=None in 1b7dbe36e1322048b49ab4b2b2c735e9.json.
2025-06-24 00:29:29,525 [WARNING] No evaluations found for idFreelancer=12343 in 1c104b9c0accfca52ef21728eaf01453.json.
2025-06-24 00:29:29,544 [WARNING] No evaluations found for idFreelancer=None in 1c1d4df596d01da60385f0bb17a4a9e0.json.
2025-06-24 00:29:29,563 [WARNING] No evaluations found for idFreelancer=9154 in 1c330c47cabfad26af32d6249919ecb8.json.
2025-06-24 00:29:29,583 [WARNING] No evaluations found for idFreelancer=13251 in 1c383cd30b7c298ab50293adfecb7b18.json.
2025-06-24 00:29:29,603 [WARNING] No evaluations found for idFreelancer=None in 1c95ee9c76a4fb9258cb07573752bef7.json.
2025-06-24 00:29:29,623 [WARNING] No evaluations found for idFreelancer=None in 1c9884d82761f8718077f56cee0c1da4.json.
2025-06-24 00:29:29,642 [WARNING] No evaluations found for idFreelancer=16190 in 1cde2efe98ea537f5359cdd66941196d.json.
2025-06-24 00:29:29,662 [WARNING] No evaluations found for idFreelancer=7799 in 1de7d2b90d554be9f0db1c338e80197d.json.
2025-06-24 00:29:29,681 [WARNING] No evaluations found for idFreelancer=None in 1e056d2b0ebd5c878c550da6ac5d3724.json.
2025-06-24 00:29:29,701 [WARNING] No evaluations found for idFreelancer=12800 in 1e4dc58a5c8c8908a4d317d6ef44a4d0.json.
2025-06-24 00:29:29,720 [WARNING] No evaluations found for idFreelancer=8301 in 1e79596878b2320cac26dd792a6c51c9.json.
2025-06-24 00:29:29,742 [WARNING] No evaluations found for idFreelancer=850 in 1efa39bcaec6f3900149160693694536.json.
2025-06-24 00:29:29,762 [WARNING] No evaluations found for idFreelancer=19 in 1f0e3dad99908345f7439f8ffabdffc4.json.
2025-06-24 00:29:29,782 [WARNING] No evaluations found for idFreelancer=172 in 1ff8a7b5dc7a7d1f0ed65aaa29c04b1e.json.
2025-06-24 00:29:29,802 [WARNING] No evaluations found for idFreelancer=123 in 202cb962ac59075b964b07152d234b70.json.
2025-06-24 00:29:29,822 [WARNING] No evaluations found for idFreelancer=10514 in 206bb45f944accb7a4cd1f135786c415.json.
2025-06-24 00:29:29,843 [WARNING] No evaluations found for idFreelancer=2175 in 211c1e0b83b9c69fa9c4bdede203c1e3.json.
2025-06-24 00:29:29,862 [WARNING] No evaluations found for idFreelancer=18695 in 2134556f9140640adff936306ce87a24.json.
2025-06-24 00:29:29,882 [WARNING] No evaluations found for idFreelancer=None in 217eedd1ba8c592db97d0dbe54c7adfc.json.
2025-06-24 00:29:29,901 [WARNING] No evaluations found for idFreelancer=None in 218a0aefd1d1a4be65601cc6ddc1520e.json.
2025-06-24 00:29:29,924 [WARNING] No evaluations found for idFreelancer=16895 in 21eb2cde1194b85163cbd079f5962edf.json.
2025-06-24 00:29:29,943 [WARNING] No evaluations found for idFreelancer=None in 2201611d7a08ffda97e3e8c6b667a1bc.json.
2025-06-24 00:29:29,963 [WARNING] No evaluations found for idFreelancer=19551 in 2246409389f1ea413ff9c03b9e09ffb3.json.
2025-06-24 00:29:29,983 [WARNING] No evaluations found for idFreelancer=None in 232362afef787e622e4d148d7630445a.json.
2025-06-24 00:29:30,003 [WARNING] No evaluations found for idFreelancer=14381 in 235fba44e32ba4dd3a3f72db1a8a6846.json.
2025-06-24 00:29:30,030 [WARNING] No evaluations found for idFreelancer=17507 in 2365a4db507862569752334234a29b50.json.
2025-06-24 00:29:30,052 [WARNING] No evaluations found for idFreelancer=7195 in 23937b42f9273974570fb5a56a6652ee.json.
2025-06-24 00:29:30,072 [WARNING] No evaluations found for idFreelancer=2140 in 23c97e9cb93576e45d2feaf00d0e8502.json.
2025-06-24 00:29:30,091 [WARNING] No evaluations found for idFreelancer=None in 23d6c2965508b167da9c4bdcef3a2aa3.json.
2025-06-24 00:29:30,111 [WARNING] No evaluations found for idFreelancer=1284 in 242c100dc94f871b6d7215b868a875f8.json.
2025-06-24 00:29:30,132 [WARNING] No evaluations found for idFreelancer=8887 in 24357dd085d2c4b1a88a7e0692e60294.json.
2025-06-24 00:29:30,152 [WARNING] No evaluations found for idFreelancer=432 in 248e844336797ec98478f85e7626de4a.json.
2025-06-24 00:29:30,172 [WARNING] No evaluations found for idFreelancer=14053 in 249b96bd669d584de425cc8761d2ca9f.json.
2025-06-24 00:29:30,192 [INFO] Updated 24e6e6721e0a39950780dfb8f91e53ed.json with 2 evaluations.
2025-06-24 00:29:30,213 [WARNING] No evaluations found for idFreelancer=16092 in 24f984f75f37a51922de69604322ff08.json.
2025-06-24 00:29:30,232 [WARNING] No evaluations found for idFreelancer=12605 in 254b6cccc84a3b7e5c696e67c9ef656e.json.
2025-06-24 00:29:30,253 [WARNING] No evaluations found for idFreelancer=15018 in 258a4107301a12383aabed96ced22b66.json.
2025-06-24 00:29:30,274 [WARNING] No evaluations found for idFreelancer=2196 in 25db67c5657914454081c6a18e93d6dd.json.
2025-06-24 00:29:30,300 [WARNING] No evaluations found for idFreelancer=2263 in 26505e0494662534f633586941b77d0c.json.
2025-06-24 00:29:30,327 [WARNING] No evaluations found for idFreelancer=19204 in 27649dc46ea499041457767a5a703073.json.
2025-06-24 00:29:30,353 [WARNING] No evaluations found for idFreelancer=17260 in 278343ac714751e68175058a9bfb4e43.json.
2025-06-24 00:29:30,378 [WARNING] No evaluations found for idFreelancer=1155 in 285f89b802bcb2651801455c86d78f2a.json.
2025-06-24 00:29:30,405 [WARNING] No evaluations found for idFreelancer=1297 in 286674e3082feb7e5afb92777e48821f.json.
2025-06-24 00:29:30,430 [WARNING] No evaluations found for idFreelancer=1402 in 28fc2782ea7ef51c1104ccf7b9bea13d.json.
2025-06-24 00:29:30,461 [WARNING] No evaluations found for idFreelancer=17179 in 291ebc13dd6538bae3ec7959b8d770dc.json.
2025-06-24 00:29:30,487 [WARNING] No evaluations found for idFreelancer=None in 29515bb9a5d5e558e2b3ba71e3b6e037.json.
2025-06-24 00:29:30,518 [WARNING] No evaluations found for idFreelancer=1772 in 299570476c6f0309545110c592b6a63b.json.
2025-06-24 00:29:30,547 [WARNING] No evaluations found for idFreelancer=9385 in 29a9f8c8460e5e2be4edde557fd83712.json.
2025-06-24 00:29:30,575 [WARNING] No evaluations found for idFreelancer=13172 in 2a3d16448453d694b503aeebfd710aa7.json.
2025-06-24 00:29:30,602 [WARNING] No evaluations found for idFreelancer=1181 in 2ac2406e835bd49c70469acae337d292.json.
2025-06-24 00:29:30,627 [WARNING] No evaluations found for idFreelancer=14841 in 2aca752107ac2bde4cd02805118de503.json.
2025-06-24 00:29:30,652 [WARNING] No evaluations found for idFreelancer=11747 in 2af1e9eaa807096a11b32ed26ecc2cbb.json.
2025-06-24 00:29:30,678 [WARNING] No evaluations found for idFreelancer=None in 2b16a44bb65751bb0ebe5d8b42644bc4.json.
2025-06-24 00:29:30,703 [WARNING] No evaluations found for idFreelancer=11392 in 2b6bb5354a56ce256116b6b307a1ea10.json.
2025-06-24 00:29:30,730 [WARNING] No evaluations found for idFreelancer=7174 in 2b8dec786a8cdf5889309995733b54d4.json.
2025-06-24 00:29:30,755 [WARNING] No evaluations found for idFreelancer=523 in 2bb232c0b13c774965ef8558f0fbd615.json.
2025-06-24 00:29:30,780 [WARNING] No evaluations found for idFreelancer=13167 in 2bec63f5d312303621583b97ff7c68bf.json.
2025-06-24 00:29:30,807 [WARNING] No evaluations found for idFreelancer=2447 in 2c3ddf4bf13852db711dd1901fb517fa.json.
2025-06-24 00:29:30,832 [WARNING] No evaluations found for idFreelancer=16281 in 2c70bf4df3f4bfe2322ecf7a8803418c.json.
2025-06-24 00:29:30,859 [WARNING] No evaluations found for idFreelancer=2100 in 2cad8fa47bbef282badbb8de5374b894.json.
2025-06-24 00:29:30,883 [WARNING] No evaluations found for idFreelancer=1678 in 2cb6b10338a7fc4117a80da24b582060.json.
2025-06-24 00:29:30,908 [WARNING] No evaluations found for idFreelancer=None in 2d5321f0813775370f774070cad46fbe.json.
2025-06-24 00:29:30,934 [WARNING] No evaluations found for idFreelancer=18490 in 2dc78e6026928309d3d26dc6dbd0276e.json.
2025-06-24 00:29:30,959 [WARNING] No evaluations found for idFreelancer=18403 in 2df9225a03b1cfd5294697afe5cbcd91.json.
2025-06-24 00:29:30,990 [WARNING] No evaluations found for idFreelancer=8996 in 2e0d41e02c5be4668ec1b0730b3346a8.json.
2025-06-24 00:29:31,024 [WARNING] No evaluations found for idFreelancer=None in 2e584bf14f2b3b604af609a0d4ff1e8f.json.
2025-06-24 00:29:31,057 [WARNING] No evaluations found for idFreelancer=1168 in 2f29b6e3abc6ebdefb55456ea6ca5dc8.json.
2025-06-24 00:29:31,089 [WARNING] No evaluations found for idFreelancer=492 in 2f55707d4193dc27118a0f19a1985716.json.
2025-06-24 00:29:31,130 [WARNING] No evaluations found for idFreelancer=17454 in 302101902bd9140427edc0c41e139782.json.
2025-06-24 00:29:31,162 [WARNING] No evaluations found for idFreelancer=9604 in 30235b7b3a6bf005d284bb1666fab7d1.json.
2025-06-24 00:29:31,193 [WARNING] No evaluations found for idFreelancer=8508 in 3091d86c09a002e144f4ec506eada3d7.json.
2025-06-24 00:29:31,226 [WARNING] No evaluations found for idFreelancer=12004 in 30ec85b4d1ce02fe671cf56c94fe758b.json.
2025-06-24 00:29:31,258 [WARNING] No evaluations found for idFreelancer=None in 319e33a217f7368ff7ceef7731ccf024.json.
2025-06-24 00:29:31,291 [WARNING] No evaluations found for idFreelancer=9428 in 31d754e8615621112f3956fae2707df8.json.
2025-06-24 00:29:31,323 [WARNING] No evaluations found for idFreelancer=320 in 320722549d1751cf3f247855f937b982.json.
2025-06-24 00:29:31,355 [WARNING] No evaluations found for idFreelancer=1226 in 3210ddbeaa16948a702b6049b8d9a202.json.
2025-06-24 00:29:31,387 [WARNING] No evaluations found for idFreelancer=11235 in 32e19424b63cc63077a4031b87fb1010.json.
2025-06-24 00:29:31,418 [WARNING] No evaluations found for idFreelancer=13855 in 32f84b597629f37d9ef53d714fce6fa1.json.
2025-06-24 00:29:31,447 [WARNING] No evaluations found for idFreelancer=685 in 3328bdf9a4b9504b9398284244fe97c2.json.
2025-06-24 00:29:31,479 [WARNING] No evaluations found for idFreelancer=19382 in 3333c340e3fbea852ff31221049db563.json.
2025-06-24 00:29:31,509 [INFO] Updated 335f5352088d7d9bf74191e006d8e24c.json with 1 evaluations.
2025-06-24 00:29:31,549 [WARNING] No evaluations found for idFreelancer=9804 in 33a5435d4f945aa6154b31a73bab3b73.json.
2025-06-24 00:29:31,569 [WARNING] No evaluations found for idFreelancer=11380 in 340f2a36d43c3b00e592cf08cef006f1.json.
2025-06-24 00:29:31,596 [WARNING] No evaluations found for idFreelancer=495 in 35051070e572e47d2c26c241ab88307f.json.
2025-06-24 00:29:31,621 [WARNING] No evaluations found for idFreelancer=1281 in 351b33587c5fdd93bd42ef7ac9995a28.json.
2025-06-24 00:29:31,648 [WARNING] No evaluations found for idFreelancer=1325 in 3546ab441e56fa333f8b44b610d95691.json.
2025-06-24 00:29:31,677 [WARNING] No evaluations found for idFreelancer=10979 in 357861553d0db7307050a24ce16a8c64.json.
2025-06-24 00:29:31,701 [WARNING] No evaluations found for idFreelancer=10445 in 35c5ce55d4c6015406e3f53558e5bed2.json.
2025-06-24 00:29:31,723 [WARNING] No evaluations found for idFreelancer=None in 35cf0f704286108deb76366a16415140.json.
2025-06-24 00:29:31,746 [WARNING] No evaluations found for idFreelancer=None in 35fa44c247164c5e1683d18000b0a236.json.
2025-06-24 00:29:31,770 [WARNING] No evaluations found for idFreelancer=None in 3613ef1ee5b75945c042bfb124275a0b.json.
2025-06-24 00:29:31,798 [WARNING] No evaluations found for idFreelancer=8335 in 36455d3b4aa959a5a5799f2316c06660.json.
2025-06-24 00:29:31,825 [WARNING] No evaluations found for idFreelancer=9140 in 3677481dc67fc92d2347a706e9a64285.json.
2025-06-24 00:29:31,853 [WARNING] No evaluations found for idFreelancer=1172 in 36a1694bce9815b7e38a9dad05ad42e0.json.
2025-06-24 00:29:31,882 [WARNING] No evaluations found for idFreelancer=None in 378a063b8fdb1db941e34f4bde584c7d.json.
2025-06-24 00:29:31,911 [WARNING] No evaluations found for idFreelancer=13680 in 3798003c3d078a7b4fd1f33843a2e5c0.json.
2025-06-24 00:29:31,941 [WARNING] No evaluations found for idFreelancer=None in 37bc2f75bf1bcfe8450a1a41c200364c.json.
2025-06-24 00:29:31,964 [WARNING] No evaluations found for idFreelancer=528 in 37f0e884fbad9667e38940169d0a3c95.json.
2025-06-24 00:29:31,983 [WARNING] No evaluations found for idFreelancer=None in 3837a451cd0abc5ce4069304c5442c87.json.
2025-06-24 00:29:32,004 [WARNING] No evaluations found for idFreelancer=19009 in 3883cd645fd2fd862058839841a60f97.json.
2025-06-24 00:29:32,027 [WARNING] No evaluations found for idFreelancer=1160 in 38ca89564b2259401518960f7a06f94b.json.
2025-06-24 00:29:32,060 [WARNING] No evaluations found for idFreelancer=9169 in 39016cfe079db1bfb359ca72fcba3fd8.json.
2025-06-24 00:29:32,095 [WARNING] No evaluations found for idFreelancer=1216 in 3948ead63a9f2944218de038d8934305.json.
2025-06-24 00:29:32,123 [WARNING] No evaluations found for idFreelancer=None in 398024cb5e21d749d728926a28b19d00.json.
2025-06-24 00:29:32,150 [WARNING] No evaluations found for idFreelancer=9180 in 398410ece9d7343091093a2a7f8ee381.json.
2025-06-24 00:29:32,169 [WARNING] No evaluations found for idFreelancer=559 in 3a0772443a0739141292a5429b952fe6.json.
2025-06-24 00:29:32,196 [WARNING] No evaluations found for idFreelancer=12329 in 3a098b02e2d67a733c661fa9bfbe89ec.json.
2025-06-24 00:29:32,217 [WARNING] No evaluations found for idFreelancer=None in 3a0f19df72fef0495c54ced664735a7d.json.
2025-06-24 00:29:32,244 [WARNING] No evaluations found for idFreelancer=None in 3a3ac2ab1c65f0a2dc7087b57062470e.json.
2025-06-24 00:29:32,272 [WARNING] No evaluations found for idFreelancer=10275 in 3ac01363eb96084101c0e5ed8be7374a.json.
2025-06-24 00:29:32,300 [WARNING] No evaluations found for idFreelancer=15462 in 3aca6cc84657b8d0b2f42c3821ce0ba6.json.
2025-06-24 00:29:32,328 [WARNING] No evaluations found for idFreelancer=9174 in 3acb2a202ae4bea8840224e6fce16fd0.json.
2025-06-24 00:29:32,355 [WARNING] No evaluations found for idFreelancer=13046 in 3b712de48137572f3849aabd5666a4e3.json.
2025-06-24 00:29:32,382 [WARNING] No evaluations found for idFreelancer=8511 in 3b777b775721dfa8d36de2a320a03e53.json.
2025-06-24 00:29:32,410 [WARNING] No evaluations found for idFreelancer=19445 in 3b7cd3a5ad79da7f656f33072ad212fe.json.
2025-06-24 00:29:32,438 [WARNING] No evaluations found for idFreelancer=11429 in 3ba889650589407203d06949bdf6983d.json.
2025-06-24 00:29:32,465 [WARNING] No evaluations found for idFreelancer=None in 3bc412ad4910c19f6710515540190792.json.
2025-06-24 00:29:32,485 [WARNING] No evaluations found for idFreelancer=11833 in 3c8f9a173f749710d6377d3150cf90da.json.
2025-06-24 00:29:32,506 [WARNING] No evaluations found for idFreelancer=2103 in 3cdd0dfecaa8127d1a556f21f96500d7.json.
2025-06-24 00:29:32,525 [WARNING] No evaluations found for idFreelancer=9182 in 3d57fe6de705fec3cecae336ae23a03a.json.
2025-06-24 00:29:32,547 [WARNING] No evaluations found for idFreelancer=10633 in 3d8c34ed1d91e42e80ccda0c6dd0b027.json.
2025-06-24 00:29:32,572 [WARNING] No evaluations found for idFreelancer=13296 in 3d97f1b344219f59ac743f43681a5190.json.
2025-06-24 00:29:32,596 [WARNING] No evaluations found for idFreelancer=16202 in 3dc023ccc7e0bd23ce2d4427756fd03c.json.
2025-06-24 00:29:32,617 [WARNING] No evaluations found for idFreelancer=None in 3dcc0806127ac6878b990a079e4f8c77.json.
2025-06-24 00:29:32,645 [WARNING] No evaluations found for idFreelancer=8390 in 3dcf44c3136a27a28b3bb27586fd5fc5.json.
2025-06-24 00:29:32,672 [WARNING] No evaluations found for idFreelancer=None in 3df80af53dce8435cf9ad6c3e7a403fd.json.
2025-06-24 00:29:32,693 [WARNING] No evaluations found for idFreelancer=8455 in 3e10f9cfe8030470e507965881025ab8.json.
2025-06-24 00:29:32,717 [WARNING] No evaluations found for idFreelancer=1170 in 3eb71f6293a2a31f3569e10af6552658.json.
2025-06-24 00:29:32,746 [WARNING] No evaluations found for idFreelancer=11080 in 3f13cf4ddf6fc50c0d39a1d5aeb57dd8.json.
2025-06-24 00:29:32,776 [WARNING] No evaluations found for idFreelancer=9745 in 3f504658ddff2e41061b89bdc726a160.json.
2025-06-24 00:29:32,807 [WARNING] No evaluations found for idFreelancer=2355 in 3f53d7190148675e3cd472fc826828c5.json.
2025-06-24 00:29:32,838 [WARNING] No evaluations found for idFreelancer=10767 in 3f7f7794da20d537bf1da2e615ce82e5.json.
2025-06-24 00:29:32,866 [WARNING] No evaluations found for idFreelancer=8811 in 3f9e3767ef3b10a0de4c256d7ef9805d.json.
2025-06-24 00:29:32,897 [WARNING] No evaluations found for idFreelancer=8318 in 3fe230348e9a12c13120749e3f9fa4cd.json.
2025-06-24 00:29:32,901 [WARNING] No evaluations found for idFreelancer=19435 in 402a3083474531ec96e5c6c8a40f5ab6.json.
2025-06-24 00:29:32,924 [WARNING] No evaluations found for idFreelancer=None in 404a9f61135c5e33d002f3fd97350b8f.json.
2025-06-24 00:29:32,945 [WARNING] No evaluations found for idFreelancer=12367 in 40641914166f1cba1d06c020e462ff8e.json.
2025-06-24 00:29:32,967 [WARNING] No evaluations found for idFreelancer=2299 in 40b5f25a228570053bc64a043c3f1833.json.
2025-06-24 00:29:32,999 [WARNING] No evaluations found for idFreelancer=10625 in 40b8498f89a8b101cd6fc6bb690231f9.json.
2025-06-24 00:29:33,031 [WARNING] No evaluations found for idFreelancer=None in 4150d6a4725ff1484640c9d2e458a429.json.
2025-06-24 00:29:33,067 [WARNING] No evaluations found for idFreelancer=12138 in 4163634d39ec5b1d3e126f44619243b2.json.
2025-06-24 00:29:33,100 [WARNING] No evaluations found for idFreelancer=None in 41a60377ba920919939d83326ebee5a1.json.
2025-06-24 00:29:33,133 [WARNING] No evaluations found for idFreelancer=9071 in 4271846620d203fd0511c422d483cdbd.json.
2025-06-24 00:29:33,164 [WARNING] No evaluations found for idFreelancer=13541 in 42a7e8017ab9578358f118300f4720fb.json.
2025-06-24 00:29:33,195 [WARNING] No evaluations found for idFreelancer=17815 in 42b1c6a5d2205c2a61dcc08c028e4592.json.
2025-06-24 00:29:33,228 [WARNING] No evaluations found for idFreelancer=None in 42d0c639a21482dcd8e1c447efe87e89.json.
2025-06-24 00:29:33,262 [WARNING] No evaluations found for idFreelancer=628 in 42e77b63637ab381e8be5f8318cc28a2.json.
2025-06-24 00:29:33,292 [WARNING] No evaluations found for idFreelancer=None in 42e7aaa88b48137a16a1acd04ed91125.json.
2025-06-24 00:29:33,323 [WARNING] No evaluations found for idFreelancer=None in 42ffcf057e133f94c1b7b5cf543ef3bd.json.
2025-06-24 00:29:33,366 [WARNING] No evaluations found for idFreelancer=7815 in 430a27748f3853d3745bda9d32419fef.json.
2025-06-24 00:29:33,410 [WARNING] No evaluations found for idFreelancer=8442 in 432fd02f951f393df1591310e6811118.json.
2025-06-24 00:29:33,445 [WARNING] No evaluations found for idFreelancer=14171 in 4346ad94c2790cac390e684155a2ecba.json.
2025-06-24 00:29:33,474 [WARNING] No evaluations found for idFreelancer=19345 in 437fcf36c72ca2d5d6179539a1eee748.json.
2025-06-24 00:29:33,502 [WARNING] No evaluations found for idFreelancer=14384 in 43a87a86ea9aee0255325e2865d6b503.json.
2025-06-24 00:29:33,529 [WARNING] No evaluations found for idFreelancer=1223 in 43cca4b3de2097b9558efefd0ecc3588.json.
2025-06-24 00:29:33,555 [WARNING] No evaluations found for idFreelancer=2225 in 443dec3062d0286986e21dc0631734c9.json.
2025-06-24 00:29:33,582 [WARNING] No evaluations found for idFreelancer=1621 in 4462bf0ddbe0d0da40e1e828ebebeb11.json.
2025-06-24 00:29:33,610 [WARNING] No evaluations found for idFreelancer=606 in 44c4c17332cace2124a1a836d9fc4b6f.json.
2025-06-24 00:29:33,629 [WARNING] No evaluations found for idFreelancer=2120 in 44cd7a8f7f9f85129b9953950665064d.json.
2025-06-24 00:29:33,649 [WARNING] No evaluations found for idFreelancer=9878 in 4511dccbea0a3350d8ff72c7648cd678.json.
2025-06-24 00:29:33,669 [WARNING] No evaluations found for idFreelancer=10734 in 451ee190d0efc1f77c8bcc7238979ac1.json.
2025-06-24 00:29:33,689 [WARNING] No evaluations found for idFreelancer=8573 in 452e91de642a8e9c43121664d5d3c05c.json.
2025-06-24 00:29:33,708 [WARNING] No evaluations found for idFreelancer=12713 in 4530de238502b5aee3ad8eec65a4a70f.json.
2025-06-24 00:29:33,728 [WARNING] No evaluations found for idFreelancer=10759 in 4564e13a85364d6743e38059a8544f34.json.
2025-06-24 00:29:33,753 [WARNING] No evaluations found for idFreelancer=7493 in 4582ef600b4316d72eede3ef78fc77d9.json.
2025-06-24 00:29:33,782 [WARNING] No evaluations found for idFreelancer=18369 in 45ea3375b621c477ab248d431b7acb87.json.
2025-06-24 00:29:33,813 [WARNING] No evaluations found for idFreelancer=14982 in 466e695c8ce7c0b5cd5c4109d01ad589.json.
2025-06-24 00:29:33,847 [WARNING] No evaluations found for idFreelancer=12626 in 46994a3cd8d943d03b44b8fc9792d435.json.
2025-06-24 00:29:33,878 [WARNING] No evaluations found for idFreelancer=7833 in 4747f5ca63b8e8bd670b26e4b1573961.json.
2025-06-24 00:29:33,909 [WARNING] No evaluations found for idFreelancer=8929 in 47a5feca4ce02883a5643e295c7ce6cd.json.
2025-06-24 00:29:33,941 [WARNING] No evaluations found for idFreelancer=8317 in 47a7f2c033801a8185243e6ca8df5fae.json.
2025-06-24 00:29:33,971 [WARNING] No evaluations found for idFreelancer=12715 in 47ba327b57be22b98eee0e5dc3e14711.json.
2025-06-24 00:29:34,003 [WARNING] No evaluations found for idFreelancer=None in 47cefde4d32b696264277d017d91875c.json.
2025-06-24 00:29:34,034 [WARNING] No evaluations found for idFreelancer=12383 in 47e03d48d5f53f03563daa7f1373fb09.json.
2025-06-24 00:29:34,064 [WARNING] No evaluations found for idFreelancer=8054 in 47e51e9d11cf800ff08674dbb68a48ab.json.
2025-06-24 00:29:34,097 [WARNING] No evaluations found for idFreelancer=None in 483101a6bc4e6c46a86222eb65fbcb6a.json.
2025-06-24 00:29:34,135 [WARNING] No evaluations found for idFreelancer=None in 4883eb035654015a505873cecfb93c1c.json.
2025-06-24 00:29:34,167 [WARNING] No evaluations found for idFreelancer=8945 in 48e59000d7dfcf6c1d96ce4a603ed738.json.
2025-06-24 00:29:34,197 [INFO] Updated 496e05e1aea0a9c4655800e8a7b9ea28.json with 1 evaluations.
2025-06-24 00:29:34,231 [WARNING] No evaluations found for idFreelancer=17822 in 4974a9fe76a5b447c35ad12a15fa0260.json.
2025-06-24 00:29:34,262 [WARNING] No evaluations found for idFreelancer=11153 in 498f940d9b933c529b06aa96d18f7eda.json.
2025-06-24 00:29:34,294 [WARNING] No evaluations found for idFreelancer=14087 in 49c3816dd86defa0b8f4f6fa7ff8ef5e.json.
2025-06-24 00:29:34,326 [WARNING] No evaluations found for idFreelancer=11315 in 49e863b146f3b5470ee222ee84669b1c.json.
2025-06-24 00:29:34,358 [WARNING] No evaluations found for idFreelancer=9381 in 49f85a9ed090b20c8bed85a5923c669f.json.
2025-06-24 00:29:34,388 [WARNING] No evaluations found for idFreelancer=1059 in 4a08142c38dbe374195d41c04562d9f8.json.
2025-06-24 00:29:34,423 [WARNING] No evaluations found for idFreelancer=None in 4a2ddf148c5a9c42151a529e8cbdcc06.json.
2025-06-24 00:29:34,453 [WARNING] No evaluations found for idFreelancer=14506 in 4a914e5c38172ae9b61780ffbd0b2f90.json.
2025-06-24 00:29:34,484 [WARNING] No evaluations found for idFreelancer=785 in 4b04a686b0ad13dce35fa99fa4161c65.json.
2025-06-24 00:29:34,514 [WARNING] No evaluations found for idFreelancer=None in 4b22a8375108a514ef8340e01c2e1af4.json.
2025-06-24 00:29:34,546 [WARNING] No evaluations found for idFreelancer=11082 in 4bcd83a98bc4ee323ec93c0f0e704d04.json.
2025-06-24 00:29:34,576 [WARNING] No evaluations found for idFreelancer=None in 4c144c47ecba6f8318128703ca9e2601.json.
2025-06-24 00:29:34,606 [WARNING] No evaluations found for idFreelancer=10125 in 4d22136ec8f25b566fdd61bc0d5045b4.json.
2025-06-24 00:29:34,639 [WARNING] No evaluations found for idFreelancer=10480 in 4d771504ddcd28037b4199740df767e6.json.
2025-06-24 00:29:34,670 [WARNING] No evaluations found for idFreelancer=562 in 4e4b5fbbbb602b6d35bea8460aa8f8e5.json.
2025-06-24 00:29:34,702 [WARNING] No evaluations found for idFreelancer=9190 in 4ef30115b941a1bcd71ffebb50c69ece.json.
2025-06-24 00:29:34,735 [WARNING] No evaluations found for idFreelancer=8497 in 4ef42b32bccc9485b10b8183507e5d82.json.
2025-06-24 00:29:34,768 [WARNING] No evaluations found for idFreelancer=8007 in 4f00921114932db3f8662a41b44ee68f.json.
2025-06-24 00:29:34,798 [WARNING] No evaluations found for idFreelancer=None in 4f3fcf17644bb65a1732f02d6f10034a.json.
2025-06-24 00:29:34,829 [WARNING] No evaluations found for idFreelancer=8005 in 4fa04fbc0b0ce68711f7550ce6113720.json.
2025-06-24 00:29:34,859 [INFO] Updated 4fa7c62536118cc404dec4a0ca88d4f6.json with 2 evaluations.
2025-06-24 00:29:34,890 [WARNING] No evaluations found for idFreelancer=8126 in 4fc66104f8ada6257fa55f29a2a567c7.json.
2025-06-24 00:29:34,922 [WARNING] No evaluations found for idFreelancer=None in 4ffce04d92a4d6cb21c1494cdfcd6dc1.json.
2025-06-24 00:29:34,954 [WARNING] No evaluations found for idFreelancer=707 in 500e75a036dc2d7d2fec5da1b71d36cc.json.
2025-06-24 00:29:34,984 [WARNING] No evaluations found for idFreelancer=12284 in 505cceefe22f5a53a5f8d334e8222454.json.
2025-06-24 00:29:35,014 [WARNING] No evaluations found for idFreelancer=1926 in 5103c3584b063c431bd1268e9b5e76fb.json.
2025-06-24 00:29:35,044 [WARNING] No evaluations found for idFreelancer=None in 51681a7c14879f9eca39669df858f75b.json.
2025-06-24 00:29:35,075 [WARNING] No evaluations found for idFreelancer=1942 in 519c84155964659375821f7ca576f095.json.
2025-06-24 00:29:35,105 [WARNING] No evaluations found for idFreelancer=10970 in 51a93b1b7421fc7ca001d7793eadb53b.json.
2025-06-24 00:29:35,136 [WARNING] No evaluations found for idFreelancer=11639 in 51efec699670c82f306c1b8251b8a6ae.json.
2025-06-24 00:29:35,160 [WARNING] No evaluations found for idFreelancer=10993 in 520bae6649b42ff5a3c8c58b7fcfc5a9.json.
2025-06-24 00:29:35,183 [INFO] Updated 527490f08486bf8af2b8d0bf6e73911b.json with 1 evaluations.
2025-06-24 00:29:35,211 [WARNING] No evaluations found for idFreelancer=13412 in 52af145bae0067bdc52f7363b5a851f4.json.
2025-06-24 00:29:35,234 [WARNING] No evaluations found for idFreelancer=14557 in 52eea859b07495d44fb844cdcecdf239.json.
2025-06-24 00:29:35,262 [WARNING] No evaluations found for idFreelancer=13010 in 5314b9674c86e3f9d1ba25ef9bb32895.json.
2025-06-24 00:29:35,290 [WARNING] No evaluations found for idFreelancer=12254 in 536b08b12d4f3c719bb351eefcf1669f.json.
2025-06-24 00:29:35,317 [WARNING] No evaluations found for idFreelancer=14502 in 53a321a3dd5fec15174c52abc7dca46a.json.
2025-06-24 00:29:35,345 [WARNING] No evaluations found for idFreelancer=18718 in 53adb96c287c3931b3bc41cebb003788.json.
2025-06-24 00:29:35,370 [WARNING] No evaluations found for idFreelancer=985 in 54a367d629152b720749e187b3eaa11b.json.
2025-06-24 00:29:35,397 [WARNING] No evaluations found for idFreelancer=None in 54c024de9e64af8a959229d3d49b4198.json.
2025-06-24 00:29:35,422 [WARNING] No evaluations found for idFreelancer=1740 in 54f5f4071faca32ad5285fef87b78646.json.
2025-06-24 00:29:35,447 [WARNING] No evaluations found for idFreelancer=8874 in 55063089b08df5797d3eebca7c087ed4.json.
2025-06-24 00:29:35,467 [WARNING] No evaluations found for idFreelancer=2023 in 5531a5834816222280f20d1ef9e95f69.json.
2025-06-24 00:29:35,496 [WARNING] No evaluations found for idFreelancer=None in 5616060fb8ae85d93f334e7267307664.json.
2025-06-24 00:29:35,524 [WARNING] No evaluations found for idFreelancer=None in 56468d5607a5aaf1604ff5e15593b003.json.
2025-06-24 00:29:35,549 [WARNING] No evaluations found for idFreelancer=13714 in 5695dd7bfdf01700983a66a5f2d57698.json.
2025-06-24 00:29:35,579 [WARNING] No evaluations found for idFreelancer=11433 in 56a32ddf374ecd774959be244161cb72.json.
2025-06-24 00:29:35,608 [WARNING] No evaluations found for idFreelancer=13293 in 56f140884852f96cb0fa2c247b378358.json.
2025-06-24 00:29:35,635 [WARNING] No evaluations found for idFreelancer=8380 in 585eb4127afd003bd784f6e8dc132be2.json.
2025-06-24 00:29:35,675 [WARNING] No evaluations found for idFreelancer=17139 in 586406bbb76b6baac45c43a81ec2e35c.json.
2025-06-24 00:29:35,710 [WARNING] No evaluations found for idFreelancer=7738 in 588fdfa645b7f3c260188494bcafa149.json.
2025-06-24 00:29:35,738 [WARNING] No evaluations found for idFreelancer=14000 in 5898493fbdf4a44a24084021b2215f85.json.
2025-06-24 00:29:35,765 [WARNING] No evaluations found for idFreelancer=None in 58c1dbad4977b4c106bca8015477757e.json.
2025-06-24 00:29:35,789 [WARNING] No evaluations found for idFreelancer=8602 in 58c58f9c6366538eaa0dde3624592b81.json.
2025-06-24 00:29:35,809 [WARNING] No evaluations found for idFreelancer=948 in 58e4d44e550d0f7ee0a23d6b02d9b0db.json.
2025-06-24 00:29:35,836 [WARNING] No evaluations found for idFreelancer=16978 in 59186584039c18248c1c4244e7305050.json.
2025-06-24 00:29:35,869 [WARNING] No evaluations found for idFreelancer=8127 in 5934c1ec0cd31e12bd9084d106bc2e32.json.
2025-06-24 00:29:35,895 [WARNING] No evaluations found for idFreelancer=17927 in 59532cbbc31efd88a06ac63d294279db.json.
2025-06-24 00:29:35,931 [WARNING] No evaluations found for idFreelancer=12739 in 597073e68fcefaa6bdf39ca6b399c28c.json.
2025-06-24 00:29:35,963 [WARNING] No evaluations found for idFreelancer=15093 in 5989623d658b2227cb4e6758437704ac.json.
2025-06-24 00:29:35,997 [WARNING] No evaluations found for idFreelancer=7615 in 5a0c828364dbf6dd406139dab7b25398.json.
2025-06-24 00:29:36,019 [WARNING] No evaluations found for idFreelancer=18324 in 5a45d7bae2d4d07061d3e882475b049b.json.
2025-06-24 00:29:36,045 [WARNING] No evaluations found for idFreelancer=10774 in 5a52499520e1a57cf6daa1dd645fc85c.json.
2025-06-24 00:29:36,075 [WARNING] No evaluations found for idFreelancer=None in 5ad2c993fa4f162c255867250267de48.json.
2025-06-24 00:29:36,102 [WARNING] No evaluations found for idFreelancer=11209 in 5ad4f73ea28ca73f8fe529067b237db1.json.
2025-06-24 00:29:36,131 [WARNING] No evaluations found for idFreelancer=14429 in 5ae81daa87d6649df09002741e5b1738.json.
2025-06-24 00:29:36,150 [WARNING] No evaluations found for idFreelancer=None in 5b5c2e6aacc6ceb83ee96e328e591aea.json.
2025-06-24 00:29:36,173 [WARNING] No evaluations found for idFreelancer=17584 in 5b7d718b0db551bd2f9ca025f8bb15e0.json.
2025-06-24 00:29:36,201 [WARNING] No evaluations found for idFreelancer=9861 in 5b9373fc169106c43c99cfae04989986.json.
2025-06-24 00:29:36,229 [WARNING] No evaluations found for idFreelancer=669 in 5c04925674920eb58467fb52ce4ef728.json.
2025-06-24 00:29:36,257 [WARNING] No evaluations found for idFreelancer=11075 in 5c528e25e1fdeaf9d8160dc24dbf4d60.json.
2025-06-24 00:29:36,286 [WARNING] No evaluations found for idFreelancer=None in 5c53292c032b6cb8510041c54274e65f.json.
2025-06-24 00:29:36,314 [WARNING] No evaluations found for idFreelancer=9131 in 5c9452254bccd24b8ad0bb1ab4408ad1.json.
2025-06-24 00:29:36,337 [INFO] Updated 5cbdfd0dfa22a3fca7266376887f549b.json with 1 evaluations.
2025-06-24 00:29:36,364 [WARNING] No evaluations found for idFreelancer=7829 in 5cd5058bca53951ffa7801bcdf421651.json.
2025-06-24 00:29:36,392 [WARNING] No evaluations found for idFreelancer=537 in 5ea1649a31336092c05438df996a3e59.json.
2025-06-24 00:29:36,412 [WARNING] No evaluations found for idFreelancer=None in 5eac43aceba42c8757b54003a58277b5.json.
2025-06-24 00:29:36,434 [WARNING] No evaluations found for idFreelancer=118 in 5ef059938ba799aaa845e1c2e8a762bd.json.
2025-06-24 00:29:36,462 [WARNING] No evaluations found for idFreelancer=12853 in 5ef893a3104ab0cc85519a2ad3fec050.json.
2025-06-24 00:29:36,492 [WARNING] No evaluations found for idFreelancer=12015 in 5fc31084408a07f4170a4109991b558b.json.
2025-06-24 00:29:36,518 [WARNING] No evaluations found for idFreelancer=10796 in 5fd7cbbc45010f147c06926c44aff0b7.json.
2025-06-24 00:29:36,552 [WARNING] No evaluations found for idFreelancer=8287 in 6120d42c7249acb7b2cfcf020bf7ab75.json.
2025-06-24 00:29:36,582 [WARNING] No evaluations found for idFreelancer=17942 in 614f4f0d8a780ed18742f0193cd31af4.json.
2025-06-24 00:29:36,612 [WARNING] No evaluations found for idFreelancer=None in 61c0bc869c02703fe2244a64cf2860d9.json.
2025-06-24 00:29:36,642 [WARNING] No evaluations found for idFreelancer=1604 in 62889e73828c756c961c5a6d6c01a463.json.
2025-06-24 00:29:36,666 [WARNING] No evaluations found for idFreelancer=1996 in 6351bf9dce654515bf1ddbd6426dfa97.json.
2025-06-24 00:29:36,686 [WARNING] No evaluations found for idFreelancer=8438 in 63ceea56ae1563b4477506246829b386.json.
2025-06-24 00:29:36,709 [WARNING] No evaluations found for idFreelancer=12436 in 63e3ba7e452774bd2399f738f09c9f59.json.
2025-06-24 00:29:36,729 [WARNING] No evaluations found for idFreelancer=13998 in 63e6bc520edcbaa95446b5690d989f30.json.
2025-06-24 00:29:36,755 [WARNING] No evaluations found for idFreelancer=None in 63ea2c642aaee001d818604fe1d9a811.json.
2025-06-24 00:29:36,783 [WARNING] No evaluations found for idFreelancer=11602 in 6412fe12d3b2f5591d7cc7f6121a8a01.json.
2025-06-24 00:29:36,804 [WARNING] No evaluations found for idFreelancer=None in 645098b086d2f9e1e0e939c27f9f2d6f.json.
2025-06-24 00:29:36,831 [WARNING] No evaluations found for idFreelancer=None in 646c9941d7fb1bc793a7929328ae3f2f.json.
2025-06-24 00:29:36,851 [INFO] Updated 647a8664e3a3d945c87db2d07a6590c1.json with 1 evaluations.
2025-06-24 00:29:36,871 [WARNING] No evaluations found for idFreelancer=17286 in 647c4a3fb8adf93fe1fd2d8f9e7f84e1.json.
2025-06-24 00:29:36,896 [WARNING] No evaluations found for idFreelancer=None in 6490791e7abf6b29a381288cc23a8223.json.
2025-06-24 00:29:36,921 [WARNING] No evaluations found for idFreelancer=2076 in 6492d38d732122c58b44e3fdc3e9e9f3.json.
2025-06-24 00:29:36,946 [WARNING] No evaluations found for idFreelancer=12176 in 64d29f56aa43279ba07617b9724d5597.json.
2025-06-24 00:29:36,972 [WARNING] No evaluations found for idFreelancer=7381 in 64de166633d61c8326232568b42beef1.json.
2025-06-24 00:29:36,997 [WARNING] No evaluations found for idFreelancer=36 in 6512bd43d9caa6e02c990b0a82652dca.json.
2025-06-24 00:29:37,024 [WARNING] No evaluations found for idFreelancer=None in 65184321c340b4d56581ee59b58d9d56.json.
2025-06-24 00:29:37,053 [WARNING] No evaluations found for idFreelancer=2101 in 65a579da11fa712149bca347ecfcb208.json.
2025-06-24 00:29:37,079 [WARNING] No evaluations found for idFreelancer=None in 65f4086dbc18fa214f5a7a49bf55b981.json.
2025-06-24 00:29:37,109 [WARNING] No evaluations found for idFreelancer=None in 6644cb08d30b2ca55c284344a9750c2e.json.
2025-06-24 00:29:37,142 [WARNING] No evaluations found for idFreelancer=9865 in 668f33215f65faf17f6f7f1d7f4b5fc8.json.
2025-06-24 00:29:37,180 [WARNING] No evaluations found for idFreelancer=1716 in 66be31e4c40d676991f2405aaecc6934.json.
2025-06-24 00:29:37,217 [WARNING] No evaluations found for idFreelancer=9224 in 671f0311e2754fcdd37f70a8550379bc.json.
2025-06-24 00:29:37,251 [WARNING] No evaluations found for idFreelancer=7180 in 674e68d7f978c31eafc8e7a300ce9bc2.json.
2025-06-24 00:29:37,291 [WARNING] No evaluations found for idFreelancer=14276 in 6770b3cd18521ccaea7cac4b42b2ee5f.json.
2025-06-24 00:29:37,327 [WARNING] No evaluations found for idFreelancer=1127 in 678a1491514b7f1006d605e9161946b1.json.
2025-06-24 00:29:37,356 [WARNING] No evaluations found for idFreelancer=655 in 67adf2b28a9bca8c22616cadac7b6b84.json.
2025-06-24 00:29:37,384 [WARNING] No evaluations found for idFreelancer=641 in 67e103b0761e60683e83c559be18d40c.json.
2025-06-24 00:29:37,406 [WARNING] No evaluations found for idFreelancer=19484 in 67fc57486b0fa4d0870568426f32171e.json.
2025-06-24 00:29:37,427 [WARNING] No evaluations found for idFreelancer=1889 in 68148596109e38cf9367d27875e185be.json.
2025-06-24 00:29:37,447 [WARNING] No evaluations found for idFreelancer=None in 68d30a9594728bc39aa24be94b319d21.json.
2025-06-24 00:29:37,465 [WARNING] No evaluations found for idFreelancer=17303 in 68ff0c6ee845a28a756d3f8cf4e2a537.json.
2025-06-24 00:29:37,481 [WARNING] No evaluations found for idFreelancer=8178 in 6967a5fb05106806a40c6917a18023df.json.
2025-06-24 00:29:37,496 [WARNING] No evaluations found for idFreelancer=13776 in 6968240043185f65f22097299b865f6b.json.
2025-06-24 00:29:37,512 [WARNING] No evaluations found for idFreelancer=8772 in 69961657077e0093ed761aa01916c5ff.json.
2025-06-24 00:29:37,526 [WARNING] No evaluations found for idFreelancer=7502 in 6a130f1dc6f0c829f874e92e5458dced.json.
2025-06-24 00:29:37,539 [WARNING] No evaluations found for idFreelancer=9374 in 6a80e309f1922a25cb00ebcbabc017ae.json.
2025-06-24 00:29:37,553 [WARNING] No evaluations found for idFreelancer=12456 in 6a9edcb7b63821802aa44d35d531c9fc.json.
2025-06-24 00:29:37,567 [WARNING] No evaluations found for idFreelancer=7909 in 6b5617315c9ac918215fc7514bef514b.json.
2025-06-24 00:29:37,583 [WARNING] No evaluations found for idFreelancer=10911 in 6bd2ab1de93563ccc2ac555b8f1808de.json.
2025-06-24 00:29:37,601 [WARNING] No evaluations found for idFreelancer=15031 in 6bfe6de4ebb6ce650cdcf4322e63dee4.json.
2025-06-24 00:29:37,621 [WARNING] No evaluations found for idFreelancer=15033 in 6c11cb78b7bbb5c22d5f5271b5494381.json.
2025-06-24 00:29:37,642 [WARNING] No evaluations found for idFreelancer=1368 in 6c1da886822c67822bcf3679d04369fa.json.
2025-06-24 00:29:37,666 [WARNING] No evaluations found for idFreelancer=8849 in 6c2fdcf862a752ca2c9e49866a05e1df.json.
2025-06-24 00:29:37,686 [WARNING] No evaluations found for idFreelancer=1264 in 6c8dba7d0df1c4a79dd07646be9a26c8.json.
2025-06-24 00:29:37,709 [WARNING] No evaluations found for idFreelancer=1038 in 6d70cb65d15211726dcce4c0e971e21c.json.
2025-06-24 00:29:37,730 [WARNING] No evaluations found for idFreelancer=1634 in 6dd4e10e3296fa63738371ec0d5df818.json.
2025-06-24 00:29:37,752 [WARNING] No evaluations found for idFreelancer=8546 in 6e334169a5325adca8aec592cd14edd9.json.
2025-06-24 00:29:37,784 [WARNING] No evaluations found for idFreelancer=7694 in 6e7d2da6d3953058db75714ac400b584.json.
2025-06-24 00:29:37,812 [WARNING] No evaluations found for idFreelancer=None in 6eb6e75fddec0218351dc5c0c8464104.json.
2025-06-24 00:29:37,843 [WARNING] No evaluations found for idFreelancer=None in 6ed459ea169d96c38c7167d4cf471013.json.
2025-06-24 00:29:37,875 [WARNING] No evaluations found for idFreelancer=2376 in 6ee69d3769e832ec77c9584e0b7ba112.json.
2025-06-24 00:29:37,903 [WARNING] No evaluations found for idFreelancer=None in 6f5216f8d89b086c18298e043bfe48ed.json.
2025-06-24 00:29:37,930 [WARNING] No evaluations found for idFreelancer=None in 705f2172834666788607efbfca35afb3.json.
2025-06-24 00:29:37,953 [WARNING] No evaluations found for idFreelancer=10955 in 709491516820c9f43b1249622a98a2fa.json.
2025-06-24 00:29:37,975 [WARNING] No evaluations found for idFreelancer=10111 in 70bb83c9272e6c4bc6e83e0a55c7c9c3.json.
2025-06-24 00:29:38,009 [WARNING] No evaluations found for idFreelancer=None in 70e9dbe24ba303f2d25ac34d3ae945c5.json.
2025-06-24 00:29:38,044 [WARNING] No evaluations found for idFreelancer=11881 in 713f96370f69fb23e3387062bc914719.json.
2025-06-24 00:29:38,078 [WARNING] No evaluations found for idFreelancer=19408 in 715f390c232030c410b5ff0aa1034a1c.json.
2025-06-24 00:29:38,113 [WARNING] No evaluations found for idFreelancer=12538 in 71af59614c8b42af334933e9261e53be.json.
2025-06-24 00:29:38,154 [WARNING] No evaluations found for idFreelancer=8815 in 71f538c5db462f9bf1c7a8521c622c41.json.
2025-06-24 00:29:38,161 [WARNING] No evaluations found for idFreelancer=None in 723e8f97fde15f7a8d5ff8d558ea3f16.json.
2025-06-24 00:29:38,198 [WARNING] No evaluations found for idFreelancer=831 in 7250eb93b3c18cc9daa29cf58af7a004.json.
2025-06-24 00:29:38,240 [WARNING] No evaluations found for idFreelancer=None in 726bd18c52afc248015dcdbc463c6f85.json.
2025-06-24 00:29:38,286 [WARNING] No evaluations found for idFreelancer=None in 729c68884bd359ade15d5f163166738a.json.
2025-06-24 00:29:38,328 [WARNING] No evaluations found for idFreelancer=10534 in 731b03008e834f92a03085ef47061c4a.json.
2025-06-24 00:29:38,372 [INFO] Updated 73741ea570def1d114a9ac9bb6726916.json with 12 evaluations.
2025-06-24 00:29:38,412 [WARNING] No evaluations found for idFreelancer=10523 in 737eb13c7593133a06c7ac5b90d15d2a.json.
2025-06-24 00:29:38,445 [WARNING] No evaluations found for idFreelancer=10387 in 73d02e4344f71a0b0d51a925246990e7.json.
2025-06-24 00:29:38,474 [WARNING] No evaluations found for idFreelancer=None in 73d4d7b15bfefa13c4a035fa16bb99ed.json.
2025-06-24 00:29:38,507 [WARNING] No evaluations found for idFreelancer=12387 in 73eae46e2ba0a8705e9c75ca5720f3b5.json.
2025-06-24 00:29:38,549 [WARNING] No evaluations found for idFreelancer=8894 in 7467fc45e24ec8d8b9023385c2a6066d.json.
2025-06-24 00:29:38,585 [WARNING] No evaluations found for idFreelancer=1535 in 748ba69d3e8d1af87f84fee909eef339.json.
2025-06-24 00:29:38,620 [WARNING] No evaluations found for idFreelancer=16571 in 74af29e4a58ef5b90a184d5264d47342.json.
2025-06-24 00:29:38,649 [WARNING] No evaluations found for idFreelancer=17030 in 74d2b98d66f5e375d2ee3a7d9e4e1354.json.
2025-06-24 00:29:38,676 [WARNING] No evaluations found for idFreelancer=14241 in 7551e734ecfa518db7c1e6175abe5bfb.json.
2025-06-24 00:29:38,700 [WARNING] No evaluations found for idFreelancer=201 in 757b505cfd34c64c85ca5b5690ee5293.json.
2025-06-24 00:29:38,720 [WARNING] No evaluations found for idFreelancer=17791 in 757c26bb260eb37f9ba86bf463117fa3.json.
2025-06-24 00:29:38,739 [WARNING] No evaluations found for idFreelancer=1674 in 757f843a169cc678064d9530d12a1881.json.
2025-06-24 00:29:38,760 [WARNING] No evaluations found for idFreelancer=8687 in 76330c26dea62332de2ca7b4a9ef51ec.json.
2025-06-24 00:29:38,780 [WARNING] No evaluations found for idFreelancer=8453 in 7658d0dd31ff8ec12a3933f064e000a1.json.
2025-06-24 00:29:38,802 [WARNING] No evaluations found for idFreelancer=None in 76bba5ee241042431796c97a92e64f5d.json.
2025-06-24 00:29:38,823 [WARNING] No evaluations found for idFreelancer=7705 in 76d4110e944e83212bafa4b11ebf2b7e.json.
2025-06-24 00:29:38,842 [WARNING] No evaluations found for idFreelancer=None in 76fabdc82dd649afd7efa2d6894e568d.json.
2025-06-24 00:29:38,862 [WARNING] No evaluations found for idFreelancer=15775 in 773de9ea713363557c90891deddea6c8.json.
2025-06-24 00:29:38,881 [WARNING] No evaluations found for idFreelancer=18271 in 776af9671dbfa3ac15c6e0711001bdea.json.
2025-06-24 00:29:38,902 [WARNING] No evaluations found for idFreelancer=None in 77b917da760ab9aeca583fd0bb0e1c67.json.
2025-06-24 00:29:38,934 [WARNING] No evaluations found for idFreelancer=12783 in 7854d49ba2f35c970603fbe7b70364f9.json.
2025-06-24 00:29:38,966 [WARNING] No evaluations found for idFreelancer=14363 in 785cf0a5def4977e0210f07e0f925fa1.json.
2025-06-24 00:29:38,992 [WARNING] No evaluations found for idFreelancer=18083 in 78b8d6620afcd434a4b7fb41b22e595b.json.
2025-06-24 00:29:39,034 [WARNING] No evaluations found for idFreelancer=13985 in 798cfc169a66eb10aa814f8a45d5ef42.json.
2025-06-24 00:29:39,073 [WARNING] No evaluations found for idFreelancer=14928 in 79f53927eb6603ae6c54b55ff7a39803.json.
2025-06-24 00:29:39,105 [WARNING] No evaluations found for idFreelancer=7190 in 7a47f991e304fd013ba300505eb42fd7.json.
2025-06-24 00:29:39,142 [WARNING] No evaluations found for idFreelancer=14600 in 7ab8464df372307c1bcce9b2a043415a.json.
2025-06-24 00:29:39,177 [WARNING] No evaluations found for idFreelancer=1941 in 7af6266cc52234b5aa339b16695f7fc4.json.
2025-06-24 00:29:39,183 [WARNING] No evaluations found for idFreelancer=2103 in 7b1ce3d73b70f1a7246e7b76a35fb552.json.
2025-06-24 00:29:39,208 [WARNING] No evaluations found for idFreelancer=1409 in 7b5b23f4aadf9513306bcd59afb6e4c9.json.
2025-06-24 00:29:39,239 [WARNING] No evaluations found for idFreelancer=9525 in 7b86f36d139d8581d4b5a4f155ba431c.json.
2025-06-24 00:29:39,267 [WARNING] No evaluations found for idFreelancer=None in 7bccfde7714a1ebadf06c5f4cea752c1.json.
2025-06-24 00:29:39,295 [INFO] Updated 7bd87e2f279ba0141a9795e201bf1a53.json with 5 evaluations.
2025-06-24 00:29:39,322 [WARNING] No evaluations found for idFreelancer=2130 in 7c6f8dba4a02404f97b5953d2c4172a7.json.
2025-06-24 00:29:39,350 [WARNING] No evaluations found for idFreelancer=None in 7c8aa9ae1ab630196ed047f0ed2ee15c.json.
2025-06-24 00:29:39,377 [WARNING] No evaluations found for idFreelancer=None in 7cac11e2f46ed46c339ec3d569853759.json.
2025-06-24 00:29:39,399 [WARNING] No evaluations found for idFreelancer=8255 in 7cb1f2f2baf6ab2ae929ad8cb88d6210.json.
2025-06-24 00:29:39,420 [WARNING] No evaluations found for idFreelancer=14803 in 7ce96e616cfd1a5caa4127a0ce4bd7fd.json.
2025-06-24 00:29:39,446 [WARNING] No evaluations found for idFreelancer=None in 7d288f69a0110ea0add97ae01491e752.json.
2025-06-24 00:29:39,473 [WARNING] No evaluations found for idFreelancer=11023 in 7d787bb950167c81630d2f1256eec848.json.
2025-06-24 00:29:39,502 [WARNING] No evaluations found for idFreelancer=11779 in 7d9d329731cad1688ade8b557b74c68c.json.
2025-06-24 00:29:39,523 [WARNING] No evaluations found for idFreelancer=None in 7da14b79a1aa9f61a28f0f972290f420.json.
2025-06-24 00:29:39,544 [WARNING] No evaluations found for idFreelancer=11717 in 7da9de56f480e009b5e9f18b279859d7.json.
2025-06-24 00:29:39,568 [WARNING] No evaluations found for idFreelancer=None in 7e05d6f828574fbc975a896b25bb011e.json.
2025-06-24 00:29:39,596 [WARNING] No evaluations found for idFreelancer=1638 in 7e230522657ecdc50e4249581b861f8e.json.
2025-06-24 00:29:39,623 [WARNING] No evaluations found for idFreelancer=None in 7e67622685947b49f374229b83be6cd6.json.
2025-06-24 00:29:39,651 [WARNING] No evaluations found for idFreelancer=419 in 7eacb532570ff6858afd2723755ff790.json.
2025-06-24 00:29:39,670 [WARNING] No evaluations found for idFreelancer=1263 in 7eb3c8be3d411e8ebfab08eba5f49632.json.
2025-06-24 00:29:39,690 [WARNING] No evaluations found for idFreelancer=724 in 7f1171a78ce0780a2142a6eb7bc4f3c8.json.
2025-06-24 00:29:39,713 [WARNING] No evaluations found for idFreelancer=None in 7f2111cbef86a223862e0fdd2577705c.json.
2025-06-24 00:29:39,739 [WARNING] No evaluations found for idFreelancer=None in 7fc0e8de9ce1ab7d9b6c435a08a8b0d9.json.
2025-06-24 00:29:39,763 [WARNING] No evaluations found for idFreelancer=None in 7fec306d1e665bc9c748b5d2b99a6e97.json.
2025-06-24 00:29:39,782 [WARNING] No evaluations found for idFreelancer=9590 in 811be42d722f824eb6cb90ab95ef9e21.json.
2025-06-24 00:29:39,802 [WARNING] No evaluations found for idFreelancer=None in 812b4ba287f5ee0bc9d43bbf5bbe87fb.json.
2025-06-24 00:29:39,820 [WARNING] No evaluations found for idFreelancer=2077 in 819e3d6c1381eac87c17617e5165f38c.json.
2025-06-24 00:29:39,838 [WARNING] No evaluations found for idFreelancer=12567 in 81e4fe932e45bbbc10cfce7ffb67162e.json.
2025-06-24 00:29:39,858 [WARNING] No evaluations found for idFreelancer=None in 831da40e5907987235ebe5616446e083.json.
2025-06-24 00:29:39,878 [WARNING] No evaluations found for idFreelancer=12194 in 835bafd2c534a1830c0590774285ff88.json.
2025-06-24 00:29:39,905 [WARNING] No evaluations found for idFreelancer=9212 in 8386fa112ba70c3f60b6907d3812bb9e.json.
2025-06-24 00:29:39,932 [WARNING] No evaluations found for idFreelancer=8283 in 841b60e20ff680b0d59aa9d6902fe289.json.
2025-06-24 00:29:39,960 [WARNING] No evaluations found for idFreelancer=None in 842746dc8d98352c8c07b066d4554e7f.json.
2025-06-24 00:29:39,982 [WARNING] No evaluations found for idFreelancer=9524 in 84a529a92de322be42dd3365afd54f91.json.
2025-06-24 00:29:40,003 [WARNING] No evaluations found for idFreelancer=17290 in 84b069ebd287d467cb7fd26e53c6a0c9.json.
2025-06-24 00:29:40,032 [WARNING] No evaluations found for idFreelancer=16991 in 84c4f0b0bf96a0cd9082433e88811703.json.
2025-06-24 00:29:40,062 [WARNING] No evaluations found for idFreelancer=12201 in 853b722222dd0e45a9f94f2c799c949d.json.
2025-06-24 00:29:40,091 [WARNING] No evaluations found for idFreelancer=489 in 854d9fca60b4bd07f9bb215d59ef5561.json.
2025-06-24 00:29:40,120 [WARNING] No evaluations found for idFreelancer=354 in 8571ddcc1c64ca1fa11891d899cab05d.json.
2025-06-24 00:29:40,150 [INFO] Updated 85c4ef2f7a943600c97b5903247567b7.json with 1 evaluations.
2025-06-24 00:29:40,191 [WARNING] No evaluations found for idFreelancer=1837 in 85f007f8c50dd25f5a45fca73cad64bd.json.
2025-06-24 00:29:40,227 [WARNING] No evaluations found for idFreelancer=992 in 860320be12a1c050cd7731794e231bd3.json.
2025-06-24 00:29:40,257 [WARNING] No evaluations found for idFreelancer=15286 in 865e434f7f48e0e93f69cbb938b06809.json.
2025-06-24 00:29:40,291 [WARNING] No evaluations found for idFreelancer=None in 86636b6605b2bcb9a738d0e9bbce3c43.json.
2025-06-24 00:29:40,331 [WARNING] No evaluations found for idFreelancer=13168 in 867079fcaff2dfddeb29ca1f27853ef7.json.
2025-06-24 00:29:40,377 [WARNING] No evaluations found for idFreelancer=1486 in 86df7dcfd896fcaf2674f757a2463eba.json.
2025-06-24 00:29:40,419 [WARNING] No evaluations found for idFreelancer=11394 in 86fe37cd03aa605545a7854608e98c35.json.
2025-06-24 00:29:40,449 [WARNING] No evaluations found for idFreelancer=None in 878d5691c824ee2aaf770f7d36c151d6.json.
2025-06-24 00:29:40,455 [WARNING] No evaluations found for idFreelancer=1160 in 884d79963bd8bc0ae9b13a1aa71add73.json.
2025-06-24 00:29:40,486 [WARNING] No evaluations found for idFreelancer=2170 in 88a839f2f6f1427879fc33ee4acf4f66.json.
2025-06-24 00:29:40,513 [WARNING] No evaluations found for idFreelancer=None in 89f0fd5c927d466d6ec9a21b9ac34ffa.json.
2025-06-24 00:29:40,543 [INFO] Updated 89f3c33175c57115408f4fd8a8557751.json with 1 evaluations.
2025-06-24 00:29:40,572 [WARNING] No evaluations found for idFreelancer=9744 in 8ad3c1db0f3411d9825cb088de789857.json.
2025-06-24 00:29:40,602 [WARNING] No evaluations found for idFreelancer=9900 in 8af95fe2ab1a54b488ef8efb3f3b0797.json.
2025-06-24 00:29:40,631 [WARNING] No evaluations found for idFreelancer=11669 in 8b1c998cf6efb43824bbab2d8c9b078b.json.
2025-06-24 00:29:40,659 [WARNING] No evaluations found for idFreelancer=15001 in 8bd045c0275185605e58d7fec40ecae6.json.
2025-06-24 00:29:40,686 [WARNING] No evaluations found for idFreelancer=12140 in 8bff390dadc80bbeca7bc73193de2355.json.
2025-06-24 00:29:40,714 [WARNING] No evaluations found for idFreelancer=None in 8cb22bdd0b7ba1ab13d742e22eed8da2.json.
2025-06-24 00:29:40,742 [WARNING] No evaluations found for idFreelancer=None in 8d373a5f49b37b82596aaaadb567e6ff.json.
2025-06-24 00:29:40,771 [WARNING] No evaluations found for idFreelancer=18091 in 8d9d4a6ada2203326292becd8a961dc9.json.
2025-06-24 00:29:40,800 [WARNING] No evaluations found for idFreelancer=13381 in 8dacd3d8b9d2cd20eb244b5f745ea88e.json.
2025-06-24 00:29:40,834 [WARNING] No evaluations found for idFreelancer=13066 in 8e1da93be98c91053ef56a0d7b9e3f9c.json.
2025-06-24 00:29:40,863 [WARNING] No evaluations found for idFreelancer=1266 in 8e2cfdc275761edc592f73a076197c33.json.
2025-06-24 00:29:40,891 [WARNING] No evaluations found for idFreelancer=8047 in 8e5374203123a2502404dbd7ea19862d.json.
2025-06-24 00:29:40,920 [WARNING] No evaluations found for idFreelancer=14835 in 8e60cfb63ef8bedd98f6868c6accf1c2.json.
2025-06-24 00:29:40,956 [WARNING] No evaluations found for idFreelancer=None in 8ea4058893eee96e3c4975d904d1c6bb.json.
2025-06-24 00:29:40,990 [WARNING] No evaluations found for idFreelancer=None in 8ee7730e97c67473a424ccfeff49ab20.json.
2025-06-24 00:29:41,015 [WARNING] No evaluations found for idFreelancer=8061 in 8f4d94fa779cb6b74225a9e26c700a39.json.
2025-06-24 00:29:41,042 [WARNING] No evaluations found for idFreelancer=None in 8fe04df45a22b63156ebabbb064fcd5e.json.
2025-06-24 00:29:41,061 [WARNING] No evaluations found for idFreelancer=8957 in 90a82bf94b4c5981e7e68ff425e519f3.json.
2025-06-24 00:29:41,082 [WARNING] No evaluations found for idFreelancer=None in 9232965e399095e0ef458a3325ba5382.json.
2025-06-24 00:29:41,105 [WARNING] No evaluations found for idFreelancer=1006 in 9246444d94f081e3549803b928260f56.json.
2025-06-24 00:29:41,124 [WARNING] No evaluations found for idFreelancer=None in 92977ae4d2ba21425a59afb269c2a14e.json.
2025-06-24 00:29:41,143 [INFO] Updated 92d1e1eb1cd6f9fba3227870bb6d7f07.json with 3 evaluations.
2025-06-24 00:29:41,163 [WARNING] No evaluations found for idFreelancer=8281 in 9375084629cd055e6b819053bc9714de.json.
2025-06-24 00:29:41,183 [WARNING] No evaluations found for idFreelancer=9392 in 93b71ff0836bb95466a9de7aaa34de09.json.
2025-06-24 00:29:41,202 [WARNING] No evaluations found for idFreelancer=11340 in 93fb39474c51b8a82a68413e2a5ae17a.json.
2025-06-24 00:29:41,206 [WARNING] No evaluations found for idFreelancer=8945 in 94bd3f4d79c60af8831740e58a68dd6e.json.
2025-06-24 00:29:41,226 [WARNING] No evaluations found for idFreelancer=300 in 94f6d7e04a4d452035300f18b984988c.json.
2025-06-24 00:29:41,246 [WARNING] No evaluations found for idFreelancer=9866 in 951124d4a093eeae83d9726a20295498.json.
2025-06-24 00:29:41,265 [WARNING] No evaluations found for idFreelancer=9025 in 952285b9b7e7a1be5aa7849f32ffff05.json.
2025-06-24 00:29:41,286 [WARNING] No evaluations found for idFreelancer=1874 in 958adb57686c2fdec5796398de5f317a.json.
2025-06-24 00:29:41,305 [WARNING] No evaluations found for idFreelancer=None in 95b431e51fc53692913da5263c214162.json.
2025-06-24 00:29:41,324 [WARNING] No evaluations found for idFreelancer=8723 in 966eaa9527eb956f0dc8788132986707.json.
2025-06-24 00:29:41,349 [WARNING] No evaluations found for idFreelancer=18015 in 96bcb45a6e30b2b3381934344b10a7ce.json.
2025-06-24 00:29:41,367 [WARNING] No evaluations found for idFreelancer=1860 in 96c5c28becf18e71190460a9955aa4d8.json.
2025-06-24 00:29:41,389 [WARNING] No evaluations found for idFreelancer=8415 in 9739efc4f01292e764c86caa59af353e.json.
2025-06-24 00:29:41,412 [WARNING] No evaluations found for idFreelancer=1650 in 973a5f0ccbc4ee3524ccf035d35b284b.json.
2025-06-24 00:29:41,432 [WARNING] No evaluations found for idFreelancer=2407 in 97416ac0f58056947e2eb5d5d253d4f2.json.
2025-06-24 00:29:41,452 [WARNING] No evaluations found for idFreelancer=165 in 9766527f2b5d3e95d4a733fcfb77bd7e.json.
2025-06-24 00:29:41,471 [WARNING] No evaluations found for idFreelancer=7262 in 9773d3352e206fef3df91b8757d63b67.json.
2025-06-24 00:29:41,490 [WARNING] No evaluations found for idFreelancer=None in 977f8b33d303564416bf9f4ab1c39720.json.
2025-06-24 00:29:41,510 [WARNING] No evaluations found for idFreelancer=18270 in 979a659fe9f4cc5f2dfef047b5da50ab.json.
2025-06-24 00:29:41,531 [INFO] Updated 980ecd059122ce2e50136bda65c25e07.json with 4 evaluations.
2025-06-24 00:29:41,552 [WARNING] No evaluations found for idFreelancer=12843 in 981a3d9d46123dc4231e4cc3a718362c.json.
2025-06-24 00:29:41,573 [WARNING] No evaluations found for idFreelancer=11083 in 9877c66299c5b98d81fed12827d87e4b.json.
2025-06-24 00:29:41,596 [WARNING] No evaluations found for idFreelancer=12224 in 98795443cdbf0375dd946728e2f4e51a.json.
2025-06-24 00:29:41,626 [WARNING] No evaluations found for idFreelancer=1554 in 98986c005e5def2da341b4e0627d4712.json.
2025-06-24 00:29:41,653 [WARNING] No evaluations found for idFreelancer=608 in 996a7fa078cc36c46d02f9af3bef918b.json.
2025-06-24 00:29:41,679 [WARNING] No evaluations found for idFreelancer=11345 in 997ddfb43e587b1580a0caba67f9de24.json.
2025-06-24 00:29:41,699 [WARNING] No evaluations found for idFreelancer=15206 in 99927ed3f11c0f361bd4c0c7d61d246f.json.
2025-06-24 00:29:41,718 [WARNING] No evaluations found for idFreelancer=None in 99e314b1b43706773153e7ef375fc68c.json.
2025-06-24 00:29:41,737 [WARNING] No evaluations found for idFreelancer=1421 in 9aa42b31882ec039965f3c4923ce901b.json.
2025-06-24 00:29:41,757 [WARNING] No evaluations found for idFreelancer=9314 in 9afe487de556e59e6db6c862adfe25a4.json.
2025-06-24 00:29:41,776 [WARNING] No evaluations found for idFreelancer=8300 in 9b40aee76034c9543ceacba5df759a1d.json.
2025-06-24 00:29:41,796 [WARNING] No evaluations found for idFreelancer=None in 9b47b8678d84ea8a0f9fe6c4ec599918.json.
2025-06-24 00:29:41,816 [WARNING] No evaluations found for idFreelancer=448 in 9b70e8fe62e40c570a322f1b0b659098.json.
2025-06-24 00:29:41,838 [WARNING] No evaluations found for idFreelancer=16369 in 9bb2b56e6b7174609d788805794a4f46.json.
2025-06-24 00:29:41,858 [WARNING] No evaluations found for idFreelancer=None in 9bd61ffe923a9953840d210e3b6111dd.json.
2025-06-24 00:29:41,881 [WARNING] No evaluations found for idFreelancer=365 in 9be40cee5b0eee1462c82c6964087ff9.json.
2025-06-24 00:29:41,900 [WARNING] No evaluations found for idFreelancer=976 in 9c01802ddb981e6bcfbec0f0516b8e35.json.
2025-06-24 00:29:41,919 [WARNING] No evaluations found for idFreelancer=None in 9c440b45b356a36bd3b2562a361d9656.json.
2025-06-24 00:29:41,940 [WARNING] No evaluations found for idFreelancer=8844 in 9c449771d0edc923c2713a7462cefa3b.json.
2025-06-24 00:29:41,960 [WARNING] No evaluations found for idFreelancer=11678 in 9c453cf6194406f48a40272eec8de2a8.json.
2025-06-24 00:29:41,979 [WARNING] No evaluations found for idFreelancer=291 in 9c838d2e45b2ad1094d42f4ef36764f6.json.
2025-06-24 00:29:41,999 [WARNING] No evaluations found for idFreelancer=12446 in 9c9b9968f53b847802ec73df94b649c0.json.
2025-06-24 00:29:42,018 [WARNING] No evaluations found for idFreelancer=9268 in 9cac2ca53c5fe723c249d012d6091c50.json.
2025-06-24 00:29:42,042 [WARNING] No evaluations found for idFreelancer=8789 in 9cd013fe250ebffc853b386569ab18c0.json.
2025-06-24 00:29:42,062 [WARNING] No evaluations found for idFreelancer=624 in 9cf81d8026a9018052c429cc4e56739b.json.
2025-06-24 00:29:42,077 [WARNING] No evaluations found for idFreelancer=7549 in 9d7099d87947faa8d07a272dd6954b80.json.
2025-06-24 00:29:42,093 [WARNING] No evaluations found for idFreelancer=13062 in 9d70ada63ee39c2f16e678bbf698df46.json.
2025-06-24 00:29:42,109 [WARNING] No evaluations found for idFreelancer=10540 in 9dd16e049becf4d5087c90a83fea403b.json.
2025-06-24 00:29:42,123 [WARNING] No evaluations found for idFreelancer=798 in 9e3cfc48eccf81a0d57663e129aef3cb.json.
2025-06-24 00:29:42,138 [WARNING] No evaluations found for idFreelancer=None in 9fd93cfddc3568482b5eb057efe06f16.json.
2025-06-24 00:29:42,153 [WARNING] No evaluations found for idFreelancer=678 in 9fe8593a8a330607d76796b35c64c600.json.
2025-06-24 00:29:42,169 [WARNING] No evaluations found for idFreelancer=None in a01f3ca6e3e4ece8e1a30696f52844bc.json.
2025-06-24 00:29:42,186 [WARNING] No evaluations found for idFreelancer=8671 in a03caec56cd82478bf197475b48c05f9.json.
2025-06-24 00:29:42,205 [WARNING] No evaluations found for idFreelancer=None in a0a080f42e6f13b3a2df133f073095dd.json.
2025-06-24 00:29:42,225 [WARNING] No evaluations found for idFreelancer=11616 in a11513a4f1fd7e7b0c29be2cf7ad701d.json.
2025-06-24 00:29:42,245 [WARNING] No evaluations found for idFreelancer=17805 in a16741d0aac91b0ca73b5bb17b3f4e36.json.
2025-06-24 00:29:42,265 [WARNING] No evaluations found for idFreelancer=12314 in a1a3e1728ecc9bfe4ca64599f0e661df.json.
2025-06-24 00:29:42,285 [WARNING] No evaluations found for idFreelancer=None in a1bcb47486d5abaeabf8fc1d64abe62b.json.
2025-06-24 00:29:42,305 [WARNING] No evaluations found for idFreelancer=14622 in a1c71b134d46d7f7ff00f488874a8d43.json.
2025-06-24 00:29:42,324 [WARNING] No evaluations found for idFreelancer=14410 in a1d41c14c1d0aa9b9cc1e228d962fe42.json.
2025-06-24 00:29:42,346 [WARNING] No evaluations found for idFreelancer=1065 in a2137a2ae8e39b5002a3f8909ecb88fe.json.
2025-06-24 00:29:42,423 [WARNING] No evaluations found for idFreelancer=None in a29a5ba2cb7bdeabba22de8c83321b46.json.
2025-06-24 00:29:42,459 [WARNING] No evaluations found for idFreelancer=8125 in a34c46916c53099c8038cff641c9b127.json.
2025-06-24 00:29:42,482 [WARNING] No evaluations found for idFreelancer=None in a371220f8bdb240bffb403c5ac7f3ef1.json.
2025-06-24 00:29:42,512 [WARNING] No evaluations found for idFreelancer=None in a383d162a97be62a400e00c320eae9c7.json.
2025-06-24 00:29:42,533 [WARNING] No evaluations found for idFreelancer=12361 in a3a51080d3fcd1adab3a44996fd6b977.json.
2025-06-24 00:29:42,554 [WARNING] No evaluations found for idFreelancer=108 in a3c65c2974270fd093ee8a9bf8ae7d0b.json.
2025-06-24 00:29:42,579 [WARNING] No evaluations found for idFreelancer=950 in a3d68b461bd9d3533ee1dd3ce4628ed4.json.
2025-06-24 00:29:42,599 [WARNING] No evaluations found for idFreelancer=1425 in a424ed4bd3a7d6aea720b86d4a360f75.json.
2025-06-24 00:29:42,624 [WARNING] No evaluations found for idFreelancer=10855 in a48a1b922cbd6d5d08664325afd2b1a2.json.
2025-06-24 00:29:42,651 [WARNING] No evaluations found for idFreelancer=None in a4d2f0d23dcc84ce983ff9157f8b7f88.json.
2025-06-24 00:29:42,683 [WARNING] No evaluations found for idFreelancer=10347 in a53d1388191884b75c48bebb18709bfb.json.
2025-06-24 00:29:42,704 [WARNING] No evaluations found for idFreelancer=7207 in a54505e6a589aa3b38674ef107da13c1.json.
2025-06-24 00:29:42,732 [WARNING] No evaluations found for idFreelancer=10871 in a5ae355fbd0de73bbc8ab3da0084a3a8.json.
2025-06-24 00:29:42,753 [INFO] Updated a6b964c0bb675116a15ef1325b01ff45.json with 1 evaluations.
2025-06-24 00:29:42,783 [WARNING] No evaluations found for idFreelancer=18210 in a70a3a174938bdf20e7b87062c015792.json.
2025-06-24 00:29:42,804 [WARNING] No evaluations found for idFreelancer=13825 in a74d1ff33e951286f8b41bd995f0c5e0.json.
2025-06-24 00:29:42,829 [WARNING] No evaluations found for idFreelancer=511 in a760880003e7ddedfef56acb3b09697f.json.
2025-06-24 00:29:42,857 [WARNING] No evaluations found for idFreelancer=14036 in a767b1393860de7db35a9954b1aa2f9d.json.
2025-06-24 00:29:42,882 [WARNING] No evaluations found for idFreelancer=7377 in a76c0abe2b7b1b79e70f0073f43c3b44.json.
2025-06-24 00:29:42,912 [WARNING] No evaluations found for idFreelancer=None in a7e272202d38f212dcdc3978bcb70a6f.json.
2025-06-24 00:29:42,951 [WARNING] No evaluations found for idFreelancer=14500 in a8442efac020cf971575de816beb459e.json.
2025-06-24 00:29:42,988 [WARNING] No evaluations found for idFreelancer=308 in a8c88a0055f636e4a163a5e3d16adab7.json.
2025-06-24 00:29:43,023 [WARNING] No evaluations found for idFreelancer=None in a8d3b1e36a14da038a06f675d1693dd8.json.
2025-06-24 00:29:43,056 [WARNING] No evaluations found for idFreelancer=813 in a8e864d04c95572d1aece099af852d0a.json.
2025-06-24 00:29:43,094 [WARNING] No evaluations found for idFreelancer=1625 in a981f2b708044d6fb4a71a1463242520.json.
2025-06-24 00:29:43,131 [WARNING] No evaluations found for idFreelancer=18161 in a98bf9c158d51c9757bd04eb9d2e16f7.json.
2025-06-24 00:29:43,172 [WARNING] No evaluations found for idFreelancer=None in a9b7ba70783b617e9998dc4dd82eb3c5.json.
2025-06-24 00:29:43,196 [WARNING] No evaluations found for idFreelancer=7540 in a9fb9e6ef40426e9add520623d521ab8.json.
2025-06-24 00:29:43,215 [WARNING] No evaluations found for idFreelancer=18929 in aa432ddb48f87d2c5114f1c11e7c68a5.json.
2025-06-24 00:29:43,234 [WARNING] No evaluations found for idFreelancer=12386 in aa49af1072b367b0a3342314401297a9.json.
2025-06-24 00:29:43,262 [WARNING] No evaluations found for idFreelancer=None in aa988447067c0355df0223065af9d055.json.
2025-06-24 00:29:43,289 [WARNING] No evaluations found for idFreelancer=12422 in ab9bc301ed969f5fa62e9908d7fd80e7.json.
2025-06-24 00:29:43,319 [WARNING] No evaluations found for idFreelancer=11238 in abb451a12cf1a9d93292e81f0d4fdd7a.json.
2025-06-24 00:29:43,344 [WARNING] No evaluations found for idFreelancer=632 in abd815286ba1007abfbb8415b83ae2cf.json.
2025-06-24 00:29:43,369 [WARNING] No evaluations found for idFreelancer=10104 in abf0931987f2f8eb7a8d26f2c21fe172.json.
2025-06-24 00:29:43,397 [WARNING] No evaluations found for idFreelancer=16479 in abff833e69ceda5b038c0f2b98d71525.json.
2025-06-24 00:29:43,424 [WARNING] No evaluations found for idFreelancer=None in ac90e5f00f7542d99231f63fb0dfeecf.json.
2025-06-24 00:29:43,451 [WARNING] No evaluations found for idFreelancer=None in ac9815bef801f58de83804bce86984ad.json.
2025-06-24 00:29:43,479 [WARNING] No evaluations found for idFreelancer=7228 in acd9bdac8824615154e7f1868f29acf6.json.
2025-06-24 00:29:43,507 [WARNING] No evaluations found for idFreelancer=17523 in ad177a1b319fe986e2030fc03d2df126.json.
2025-06-24 00:29:43,535 [WARNING] No evaluations found for idFreelancer=15529 in ad22e184c6cdfb585ad39195d1905acd.json.
2025-06-24 00:29:43,559 [WARNING] No evaluations found for idFreelancer=7370 in ad2972cf612acdeec0f99338a768aa05.json.
2025-06-24 00:29:43,585 [WARNING] No evaluations found for idFreelancer=None in ad3019b856147c17e82a5bead782d2a8.json.
2025-06-24 00:29:43,614 [WARNING] No evaluations found for idFreelancer=8851 in adb0e2c465ae2a4b7698a8901fdbb177.json.
2025-06-24 00:29:43,638 [WARNING] No evaluations found for idFreelancer=None in ae714b2895215ee6c844a04374bde7fb.json.
2025-06-24 00:29:43,663 [WARNING] No evaluations found for idFreelancer=18613 in ae98e3391c4268302e0e8f97c3c005bb.json.
2025-06-24 00:29:43,692 [WARNING] No evaluations found for idFreelancer=18990 in aebf428799f36456510413c389b740f9.json.
2025-06-24 00:29:43,719 [WARNING] No evaluations found for idFreelancer=7427 in aecad42329922dfc97eee948606e1f8e.json.
2025-06-24 00:29:43,748 [WARNING] No evaluations found for idFreelancer=10567 in aeea73be8c3967e626f871de617d508c.json.
2025-06-24 00:29:43,775 [WARNING] No evaluations found for idFreelancer=None in af9c0e0c1dee63e5acad8b7ed1a5be96.json.
2025-06-24 00:29:43,800 [WARNING] No evaluations found for idFreelancer=1031 in afdec7005cc9f14302cd0474fd0f3c96.json.
2025-06-24 00:29:43,830 [WARNING] No evaluations found for idFreelancer=13108 in afeae7504d214a43ca689bc1d0999930.json.
2025-06-24 00:29:43,856 [WARNING] No evaluations found for idFreelancer=1546 in aff0a6a4521232970b2c1cf539ad0a19.json.
2025-06-24 00:29:43,880 [WARNING] No evaluations found for idFreelancer=7280 in b05b57f6add810d3b7490866d74c0053.json.
2025-06-24 00:29:43,909 [WARNING] No evaluations found for idFreelancer=2395 in b090409688550f3cc93f4ed88ec6cafb.json.
2025-06-24 00:29:43,936 [WARNING] No evaluations found for idFreelancer=12502 in b1501a9528a292585b7e90e8708143f1.json.
2025-06-24 00:29:43,956 [WARNING] No evaluations found for idFreelancer=None in b18336c06954cf0a92113517ca2bdd29.json.
2025-06-24 00:29:43,976 [WARNING] No evaluations found for idFreelancer=8469 in b1adda14824f50ef24ff1c05bb66faf3.json.
2025-06-24 00:29:43,998 [WARNING] No evaluations found for idFreelancer=8357 in b1c1c47f20cf1d3253555b8cf83949c0.json.
2025-06-24 00:29:44,026 [WARNING] No evaluations found for idFreelancer=18918 in b1c5d6d28abda1b579b1718613c62d93.json.
2025-06-24 00:29:44,061 [WARNING] No evaluations found for idFreelancer=12195 in b259a593d2ac9619df8c8a5a6c2717a2.json.
2025-06-24 00:29:44,095 [WARNING] No evaluations found for idFreelancer=None in b27152e13b5ed9b61478a1384d7b9bf2.json.
2025-06-24 00:29:44,120 [WARNING] No evaluations found for idFreelancer=18266 in b2ec5fbfb158548e1c4a3c02b2752a51.json.
2025-06-24 00:29:44,148 [WARNING] No evaluations found for idFreelancer=10351 in b34517c68d949a02746108522f958479.json.
2025-06-24 00:29:44,174 [WARNING] No evaluations found for idFreelancer=11199 in b356e7aed7ee82589e54a466e0dca157.json.
2025-06-24 00:29:44,198 [WARNING] No evaluations found for idFreelancer=13437 in b37242925ffe0da400d9b98c254b9fcd.json.
2025-06-24 00:29:44,225 [WARNING] No evaluations found for idFreelancer=None in b451da363bb08b9a81ceadbadb5133ef.json.
2025-06-24 00:29:44,251 [WARNING] No evaluations found for idFreelancer=18371 in b458b8febcef7e8b854ebdd7eda80b96.json.
2025-06-24 00:29:44,277 [WARNING] No evaluations found for idFreelancer=14038 in b4631d19343f260022ee73087c6e2eab.json.
2025-06-24 00:29:44,314 [WARNING] No evaluations found for idFreelancer=55 in b53b3a3d6ab90ce0268229151c9bde11.json.
2025-06-24 00:29:44,351 [WARNING] No evaluations found for idFreelancer=13473 in b594f8f8fcc3cc7910e2dcd4269a2e95.json.
2025-06-24 00:29:44,383 [WARNING] No evaluations found for idFreelancer=None in b59f635e9f984164bf71aa36a8dd265e.json.
2025-06-24 00:29:44,423 [INFO] Updated b5dc4e5d9b495d0196f61d45b26ef33e.json with 3 evaluations.
2025-06-24 00:29:44,457 [WARNING] No evaluations found for idFreelancer=14676 in b695c680f92ed7efbe95d056782827ad.json.
2025-06-24 00:29:44,495 [WARNING] No evaluations found for idFreelancer=None in b6b90237b3ebd1e462a5d11dbc5c4dae.json.
2025-06-24 00:29:44,538 [WARNING] No evaluations found for idFreelancer=2338 in b6cda17abb967ed28ec9610137aa45f7.json.
2025-06-24 00:29:44,589 [WARNING] No evaluations found for idFreelancer=999 in b706835de79a2b4e80506f582af3676a.json.
2025-06-24 00:29:44,636 [WARNING] No evaluations found for idFreelancer=None in b7087c1f4f89e63af8d46f3b20271153.json.
2025-06-24 00:29:44,665 [WARNING] No evaluations found for idFreelancer=876 in b710915795b9e9c02cf10d6d2bdb688c.json.
2025-06-24 00:29:44,693 [WARNING] No evaluations found for idFreelancer=17596 in b86b8c4fa6f55a31dd1964bd374d654f.json.
2025-06-24 00:29:44,719 [WARNING] No evaluations found for idFreelancer=845 in b86e8d03fe992d1b0e19656875ee557c.json.
2025-06-24 00:29:44,742 [WARNING] No evaluations found for idFreelancer=12848 in b8c4464e7ee7dc326d7807a8549e449f.json.
2025-06-24 00:29:44,767 [WARNING] No evaluations found for idFreelancer=16961 in b8d889c4e9b34bc7dc7a93a2a9a91070.json.
2025-06-24 00:29:44,793 [WARNING] No evaluations found for idFreelancer=None in b93f11867481fc6d77908aea58ba6198.json.
2025-06-24 00:29:44,814 [WARNING] No evaluations found for idFreelancer=None in b9531e7d2a8f38fe8dcc73f58cae9530.json.
2025-06-24 00:29:44,877 [WARNING] No evaluations found for idFreelancer=None in ba1b3eba322eab5d895aa3023fe78b9c.json.
2025-06-24 00:29:44,929 [WARNING] No evaluations found for idFreelancer=732 in ba3866600c3540f67c1e9575e213be0a.json.
2025-06-24 00:29:44,947 [WARNING] No evaluations found for idFreelancer=11333 in ba530cdf0a884348613f2aaa3a5ba5e8.json.
2025-06-24 00:29:44,963 [WARNING] No evaluations found for idFreelancer=19530 in bbbdef0b9bc5d4e6735581fa7f6a614b.json.
2025-06-24 00:29:44,976 [WARNING] No evaluations found for idFreelancer=10676 in bc8741c4e92bbbca75ab9fe51f54664a.json.
2025-06-24 00:29:44,989 [WARNING] No evaluations found for idFreelancer=12466 in bd0bbd6f4ca059d60e92b3d4cbfa976b.json.
2025-06-24 00:29:45,002 [WARNING] No evaluations found for idFreelancer=8657 in bd33f02c4e28615b5af2d24703e066d5.json.
2025-06-24 00:29:45,016 [WARNING] No evaluations found for idFreelancer=797 in beb22fb694d513edcf5533cf006dfeae.json.
2025-06-24 00:29:45,033 [WARNING] No evaluations found for idFreelancer=383 in beed13602b9b0e6ecb5b568ff5058f07.json.
2025-06-24 00:29:45,052 [WARNING] No evaluations found for idFreelancer=12273 in befe5b0172188ad14d48c3ebe9cf76bf.json.
2025-06-24 00:29:45,073 [WARNING] No evaluations found for idFreelancer=10510 in bf0377d5a3968bac5aac7a10dfff1b86.json.
2025-06-24 00:29:45,109 [WARNING] No evaluations found for idFreelancer=18656 in bf0c0d36a5a3f240ccbc590fca184a7f.json.
2025-06-24 00:29:45,143 [WARNING] No evaluations found for idFreelancer=None in bf453f2614003078beb672654334ce15.json.
2025-06-24 00:29:45,176 [WARNING] No evaluations found for idFreelancer=None in bffc98347ee35b3ead06728d6f073c68.json.
2025-06-24 00:29:45,207 [WARNING] No evaluations found for idFreelancer=None in c06b57c153593ad97339f96585f6692a.json.
2025-06-24 00:29:45,239 [WARNING] No evaluations found for idFreelancer=16843 in c0b9031eabb6c34699a6427622186cdc.json.
2025-06-24 00:29:45,273 [INFO] Updated c20ad4d76fe97759aa27a0c99bff6710.json with 3 evaluations.
2025-06-24 00:29:45,304 [WARNING] No evaluations found for idFreelancer=12120 in c213877427b46fa96cff6c39e837ccee.json.
2025-06-24 00:29:45,335 [WARNING] No evaluations found for idFreelancer=None in c2839bed26321da8b466c80a032e4714.json.
2025-06-24 00:29:45,368 [WARNING] No evaluations found for idFreelancer=12760 in c30ca4400db3c72274c8ad819f688c21.json.
2025-06-24 00:29:45,402 [WARNING] No evaluations found for idFreelancer=None in c31b43829c7b4afe91ff4c0797247a76.json.
2025-06-24 00:29:45,436 [WARNING] No evaluations found for idFreelancer=12077 in c35a4c435947597d8ba9718c4d7d6643.json.
2025-06-24 00:29:45,466 [WARNING] No evaluations found for idFreelancer=None in c366c2c97d47b02b24c3ecade4c40a01.json.
2025-06-24 00:29:45,496 [WARNING] No evaluations found for idFreelancer=19555 in c3f400862abb2668f9c0cbe39cbb2469.json.
2025-06-24 00:29:45,528 [WARNING] No evaluations found for idFreelancer=10776 in c3f7a5ca6fa6409448a99f5a772828a8.json.
2025-06-24 00:29:45,561 [WARNING] No evaluations found for idFreelancer=116 in c45147dee729311ef5b5c3003946c48f.json.
2025-06-24 00:29:45,604 [WARNING] No evaluations found for idFreelancer=1227 in c4851e8e264415c4094e4e85b0baa7cc.json.
2025-06-24 00:29:45,636 [WARNING] No evaluations found for idFreelancer=8950 in c494d9524143b2ebe567475e985c19f7.json.
2025-06-24 00:29:45,674 [WARNING] No evaluations found for idFreelancer=12010 in c4b108f53550f1d5967305a9a8140ddd.json.
2025-06-24 00:29:45,709 [WARNING] No evaluations found for idFreelancer=7290 in c54d2118d6a3a2b06f07e9eeb240d741.json.
2025-06-24 00:29:45,740 [WARNING] No evaluations found for idFreelancer=9729 in c5a8c45bb92b22b295a2e79afdc26280.json.
2025-06-24 00:29:45,770 [WARNING] No evaluations found for idFreelancer=636 in c5ab0bc60ac7929182aadd08703f1ec6.json.
2025-06-24 00:29:45,803 [WARNING] No evaluations found for idFreelancer=None in c5ff2543b53f4cc0ad3819a36752467b.json.
2025-06-24 00:29:45,833 [INFO] Updated c703c1c23ad683836fe8c1acce9b850a.json with 1 evaluations.
2025-06-24 00:29:45,866 [WARNING] No evaluations found for idFreelancer=None in c77331e51c5555f8f935d3344c964bd5.json.
2025-06-24 00:29:45,897 [WARNING] No evaluations found for idFreelancer=1242 in c7a19fe3198a7cdef110e52e5b455e36.json.
2025-06-24 00:29:45,929 [WARNING] No evaluations found for idFreelancer=7468 in c7a2af589d255231c76944fe4a45a500.json.
2025-06-24 00:29:45,960 [WARNING] No evaluations found for idFreelancer=17152 in c7cd4536abacd24976a94ce7e5e10939.json.
2025-06-24 00:29:45,990 [WARNING] No evaluations found for idFreelancer=7770 in c802ceaa43e6ad9ddc511cab5f34789c.json.
2025-06-24 00:29:46,023 [WARNING] No evaluations found for idFreelancer=14723 in c80728aa924ef2e490a13188e1178518.json.
2025-06-24 00:29:46,053 [WARNING] No evaluations found for idFreelancer=None in c8194823937cbafcfcef5b0c21de59bd.json.
2025-06-24 00:29:46,084 [WARNING] No evaluations found for idFreelancer=None in c8a504a9a22d488a8d8f8fa7b890e20f.json.
2025-06-24 00:29:46,119 [WARNING] No evaluations found for idFreelancer=1214 in c8ba76c279269b1c6bc8a07e38e78fa4.json.
2025-06-24 00:29:46,149 [WARNING] No evaluations found for idFreelancer=10845 in c8f5b1786c5c5f89edf17f37dbca107e.json.
2025-06-24 00:29:46,182 [WARNING] No evaluations found for idFreelancer=571 in c9892a989183de32e976c6f04e700201.json.
2025-06-24 00:29:46,217 [WARNING] No evaluations found for idFreelancer=18688 in c9fef0f5571c58ecd8c845e3b0f4b7f7.json.
2025-06-24 00:29:46,249 [WARNING] No evaluations found for idFreelancer=214 in ca46c1b9512a7a8315fa3c5a946e8265.json.
2025-06-24 00:29:46,291 [WARNING] No evaluations found for idFreelancer=866 in ca8155f4d27f205953f9d3d7974bdd70.json.
2025-06-24 00:29:46,327 [WARNING] No evaluations found for idFreelancer=None in cb7c403aa312160380010ee3dd4bfc53.json.
2025-06-24 00:29:46,374 [WARNING] No evaluations found for idFreelancer=13142 in cbd37fc75cd08ceff5c904ec09374997.json.
2025-06-24 00:29:46,419 [WARNING] No evaluations found for idFreelancer=19415 in cc281a493d63c492153ba35b86dcc794.json.
2025-06-24 00:29:46,466 [WARNING] No evaluations found for idFreelancer=8034 in cc4af25fa9d2d5c953496579b75f6f6c.json.
2025-06-24 00:29:46,514 [WARNING] No evaluations found for idFreelancer=9436 in cc9109aa1f048c36d154d902612982e2.json.
2025-06-24 00:29:46,558 [WARNING] No evaluations found for idFreelancer=None in ccc0aa1b81bf81e16c676ddb977c5881.json.
2025-06-24 00:29:46,597 [WARNING] No evaluations found for idFreelancer=14277 in ccf4769973f7658ac976a063527c4292.json.
2025-06-24 00:29:46,645 [WARNING] No evaluations found for idFreelancer=1283 in cd0dce8fca267bf1fb86cf43e18d5598.json.
2025-06-24 00:29:46,688 [WARNING] No evaluations found for idFreelancer=1540 in cda72177eba360ff16b7f836e2754370.json.
2025-06-24 00:29:46,729 [WARNING] No evaluations found for idFreelancer=500 in cee631121c2ec9232f3a2f028ad5c89b.json.
2025-06-24 00:29:46,778 [WARNING] No evaluations found for idFreelancer=8316 in cf011ff8d8380280133bce806e0f7bb1.json.
2025-06-24 00:29:46,825 [WARNING] No evaluations found for idFreelancer=8888 in cf79ae6addba60ad018347359bd144d2.json.
2025-06-24 00:29:46,869 [WARNING] No evaluations found for idFreelancer=None in cfabd33d7dd5a2843aa772b8b1cee186.json.
2025-06-24 00:29:46,917 [WARNING] No evaluations found for idFreelancer=None in d04e5fdcd17f0616f965099351d2f2a1.json.
2025-06-24 00:29:46,964 [WARNING] No evaluations found for idFreelancer=None in d0b4e54ddd9f0982db522becb8041071.json.
2025-06-24 00:29:47,010 [WARNING] No evaluations found for idFreelancer=7136 in d0f3cac4d12fa2668b1ffbc4e3254253.json.
2025-06-24 00:29:47,058 [WARNING] No evaluations found for idFreelancer=1285 in d106161033da24ceb07a0103fd837433.json.
2025-06-24 00:29:47,097 [WARNING] No evaluations found for idFreelancer=None in d14c2267d848abeb81fd590f371d39bd.json.
2025-06-24 00:29:47,135 [WARNING] No evaluations found for idFreelancer=2432 in d16509f6eaca1022bd8f28d6bc582cae.json.
2025-06-24 00:29:47,169 [INFO] Updated d17e6bcbcef8de3f7a00195cfa5706f1.json with 1 evaluations.
2025-06-24 00:29:47,194 [WARNING] No evaluations found for idFreelancer=11366 in d1c0956fb99f55d86496c562a2a71b17.json.
2025-06-24 00:29:47,215 [WARNING] No evaluations found for idFreelancer=None in d202ed5bcfa858c15a9f383c3e386ab2.json.
2025-06-24 00:29:47,245 [WARNING] No evaluations found for idFreelancer=16607 in d242f1a255d1bbb7e3a31d8b1f2fc901.json.
2025-06-24 00:29:47,273 [WARNING] No evaluations found for idFreelancer=8879 in d28d296b68b6ac1232353531256488b3.json.
2025-06-24 00:29:47,302 [WARNING] No evaluations found for idFreelancer=932 in d2ed45a52bc0edfa11c2064e9edee8bf.json.
2025-06-24 00:29:47,329 [WARNING] No evaluations found for idFreelancer=1870 in d305281faf947ca7acade9ad5c8c818c.json.
2025-06-24 00:29:47,357 [WARNING] No evaluations found for idFreelancer=12958 in d3779a48ccf8e469f915ffdbc55f6e2e.json.
2025-06-24 00:29:47,386 [WARNING] No evaluations found for idFreelancer=14921 in d3989fd6bcf000eeba6633fa4c003b6b.json.
2025-06-24 00:29:47,419 [WARNING] No evaluations found for idFreelancer=17018 in d3db718a011f94f39dd49b576d785b08.json.
2025-06-24 00:29:47,451 [WARNING] No evaluations found for idFreelancer=14914 in d41b5422b44a34d123006225fd1d3484.json.
2025-06-24 00:29:47,481 [WARNING] No evaluations found for idFreelancer=8995 in d469547325a320e660ba7f4bf05c7ecf.json.
2025-06-24 00:29:47,509 [WARNING] No evaluations found for idFreelancer=600 in d490d7b4576290fa60eb31b5fc917ad1.json.
2025-06-24 00:29:47,536 [WARNING] No evaluations found for idFreelancer=1873 in d4b2aeb2453bdadaa45cbe9882ffefcf.json.
2025-06-24 00:29:47,566 [WARNING] No evaluations found for idFreelancer=15503 in d4f457bca5d92483c063b48d7a33b36b.json.
2025-06-24 00:29:47,591 [WARNING] No evaluations found for idFreelancer=9175 in d563cb0699fbe7bc92d64815915918cd.json.
2025-06-24 00:29:47,611 [WARNING] No evaluations found for idFreelancer=10846 in d5b2bbd3e57d6c19003667a447475589.json.
2025-06-24 00:29:47,636 [WARNING] No evaluations found for idFreelancer=13254 in d6128a5c44f82653361a48a60cbc47c2.json.
2025-06-24 00:29:47,677 [WARNING] No evaluations found for idFreelancer=19183 in d629eddc95ad3b072b33e5363def437f.json.
2025-06-24 00:29:47,796 [WARNING] No evaluations found for idFreelancer=None in d6428eecbe0f7dff83fc607c5044b2b9.json.
2025-06-24 00:29:47,834 [WARNING] No evaluations found for idFreelancer=264 in d6baf65e0b240ce177cf70da146c8dc8.json.
2025-06-24 00:29:47,871 [WARNING] No evaluations found for idFreelancer=9415 in d6d231705f96d5a35aeb3a76402e49a3.json.
2025-06-24 00:29:47,894 [WARNING] No evaluations found for idFreelancer=13570 in d6d46a8525c3ddc4c970734e4146e9be.json.
2025-06-24 00:29:47,911 [WARNING] No evaluations found for idFreelancer=16806 in d6da0257d11fb247f4a607bae48f69d1.json.
2025-06-24 00:29:47,928 [WARNING] No evaluations found for idFreelancer=19471 in d7452285b4a99b53e9bfb896bedc3db5.json.
2025-06-24 00:29:47,946 [WARNING] No evaluations found for idFreelancer=None in d757719ed7c2b66dd17dcee2a3cb29f4.json.
2025-06-24 00:29:47,969 [WARNING] No evaluations found for idFreelancer=1838 in d7657583058394c828ee150fada65345.json.
2025-06-24 00:29:48,000 [WARNING] No evaluations found for idFreelancer=8296 in d77c703536718b95308130ff2e5cf9ee.json.
2025-06-24 00:29:48,035 [WARNING] No evaluations found for idFreelancer=609 in d7a728a67d909e714c0774e22cb806f2.json.
2025-06-24 00:29:48,067 [WARNING] No evaluations found for idFreelancer=11809 in d7ead5493404dfc648694a5793608bdf.json.
2025-06-24 00:29:48,100 [INFO] Updated d800149d2f947ad4d64f34668f8b20f6.json with 1 evaluations.
2025-06-24 00:29:48,136 [WARNING] No evaluations found for idFreelancer=None in d81f9c1be2e08964bf9f24b15f0e4900.json.
2025-06-24 00:29:48,174 [WARNING] No evaluations found for idFreelancer=8478 in d828725179d622a56f951e527a966ed7.json.
2025-06-24 00:29:48,209 [WARNING] No evaluations found for idFreelancer=7348 in d863d5ec458b0dc3b46cba96d9d49ac3.json.
2025-06-24 00:29:48,239 [WARNING] No evaluations found for idFreelancer=7768 in d87aa42cd08ba8612664a73dbdb64221.json.
2025-06-24 00:29:48,277 [WARNING] No evaluations found for idFreelancer=12406 in d8c33083ef391fb58934b7745d71e8ad.json.
2025-06-24 00:29:48,318 [WARNING] No evaluations found for idFreelancer=15054 in d9a849054248cb8a75faa6faadb62507.json.
2025-06-24 00:29:48,364 [WARNING] No evaluations found for idFreelancer=1280 in da11e8cd1811acb79ccf0fd62cd58f86.json.
2025-06-24 00:29:48,411 [WARNING] No evaluations found for idFreelancer=428 in da422e857721f964a2550ba7b98f29a6.json.
2025-06-24 00:29:48,454 [WARNING] No evaluations found for idFreelancer=13452 in da5da79fc8144f79ca907a04066edcd2.json.
2025-06-24 00:29:48,487 [WARNING] No evaluations found for idFreelancer=None in da5dc4875e3401ea2bd35ee8f56277a6.json.
2025-06-24 00:29:48,519 [WARNING] No evaluations found for idFreelancer=None in dabd8d2ce74e782c65a973ef76fd540b.json.
2025-06-24 00:29:48,550 [WARNING] No evaluations found for idFreelancer=None in daca41214b39c5dc66674d09081940f0.json.
2025-06-24 00:29:48,584 [WARNING] No evaluations found for idFreelancer=None in db576a7d2453575f29eab4bac787b919.json.
2025-06-24 00:29:48,623 [WARNING] No evaluations found for idFreelancer=11272 in dbdc69ea6ccbdea0ca2d796e1af24ebf.json.
2025-06-24 00:29:48,662 [INFO] Updated dc912a253d1e9ba40e2c597ed2376640.json with 1 evaluations.
2025-06-24 00:29:48,703 [WARNING] No evaluations found for idFreelancer=7404 in dcc5c249e15c211f21e1da0f3ba66169.json.
2025-06-24 00:29:48,740 [WARNING] No evaluations found for idFreelancer=2396 in dcf6070a4ab7f3afbfd2809173e0824b.json.
2025-06-24 00:29:48,784 [WARNING] No evaluations found for idFreelancer=9896 in dd1970fb03877a235d530476eb727dab.json.
2025-06-24 00:29:48,828 [WARNING] No evaluations found for idFreelancer=19116 in dd2bdf6cb881176bc2c0c568e1a180fa.json.
2025-06-24 00:29:48,870 [WARNING] No evaluations found for idFreelancer=14030 in dd33a21f7b5d1e39ae66b67be7a6d253.json.
2025-06-24 00:29:48,915 [WARNING] No evaluations found for idFreelancer=568 in dd458505749b2941217ddd59394240e8.json.
2025-06-24 00:29:48,965 [WARNING] No evaluations found for idFreelancer=10591 in dd4729902a3476b2bc9675e3530a852c.json.
2025-06-24 00:29:49,002 [WARNING] No evaluations found for idFreelancer=7860 in ddb4955263e6c08179393d1beaf18602.json.
2025-06-24 00:29:49,044 [WARNING] No evaluations found for idFreelancer=None in de073d2cffa991f936d6a7aa7bca3425.json.
2025-06-24 00:29:49,083 [WARNING] No evaluations found for idFreelancer=13235 in de312ddeff82ecc47ed90967ed3cbc91.json.
2025-06-24 00:29:49,123 [WARNING] No evaluations found for idFreelancer=1906 in dea9ddb25cbf2352cf4dec30222a02a5.json.
2025-06-24 00:29:49,162 [WARNING] No evaluations found for idFreelancer=None in dfe0c74a3f265edd7b90e43990e70b00.json.
2025-06-24 00:29:49,202 [WARNING] No evaluations found for idFreelancer=13034 in e0154ac829acb5cb5735e1d1e7f48c68.json.
2025-06-24 00:29:49,246 [WARNING] No evaluations found for idFreelancer=17902 in e0dc61eceffa1a7dff9d396b4b7c5011.json.
2025-06-24 00:29:49,299 [WARNING] No evaluations found for idFreelancer=9495 in e0e6518d2cac6a5b1fa6b05498a5e7be.json.
2025-06-24 00:29:49,349 [WARNING] No evaluations found for idFreelancer=8817 in e105b88b3e1ac23ec811a708cd7edebf.json.
2025-06-24 00:29:49,397 [WARNING] No evaluations found for idFreelancer=9798 in e21cece511f43a5cb18d4932429915ed.json.
2025-06-24 00:29:49,450 [WARNING] No evaluations found for idFreelancer=None in e2c4c0b38669387a2a842e1fe391d233.json.
2025-06-24 00:29:49,487 [WARNING] No evaluations found for idFreelancer=None in e2db7186375992e729165726762cb4c1.json.
2025-06-24 00:29:49,510 [WARNING] No evaluations found for idFreelancer=11124 in e3050c2fe9297974cbf4328fa4f98d42.json.
2025-06-24 00:29:49,531 [WARNING] No evaluations found for idFreelancer=16438 in e33b5ba509e687654cd19c642ac2dc09.json.
2025-06-24 00:29:49,549 [WARNING] No evaluations found for idFreelancer=8574 in e345fac6bc5c868f0222430c733fa26e.json.
2025-06-24 00:29:49,567 [WARNING] No evaluations found for idFreelancer=8952 in e3670ce0c315396e4836d7024abcf3dd.json.
2025-06-24 00:29:49,590 [WARNING] No evaluations found for idFreelancer=8138 in e430ad64df3de73e6be33bcb7f6d0dac.json.
2025-06-24 00:29:49,613 [WARNING] No evaluations found for idFreelancer=11842 in e44491d231b7c45260ec02d2f9f8827b.json.
2025-06-24 00:29:49,631 [WARNING] No evaluations found for idFreelancer=13106 in e45c2dc8d9e5b215ea141f2f609100f9.json.
2025-06-24 00:29:49,652 [WARNING] No evaluations found for idFreelancer=15470 in e5732492e9d1ef72fee339a293b2f9e8.json.
2025-06-24 00:29:49,672 [WARNING] No evaluations found for idFreelancer=772 in e57c6b956a6521b28495f2886ca0977a.json.
2025-06-24 00:29:49,695 [WARNING] No evaluations found for idFreelancer=12474 in e5e2de7f3ef2043b664c121bd22f853c.json.
2025-06-24 00:29:49,742 [WARNING] No evaluations found for idFreelancer=None in e6051b3bfe716cc4a38c2f39ec199873.json.
2025-06-24 00:29:49,783 [WARNING] No evaluations found for idFreelancer=9869 in e64c9ec33f19c7de745bd6b6d1a7a86e.json.
2025-06-24 00:29:49,829 [WARNING] No evaluations found for idFreelancer=11839 in e6a88d08e6f74bd95b169002762b1841.json.
2025-06-24 00:29:49,874 [WARNING] No evaluations found for idFreelancer=13215 in e6c19a87ef9e816e02ce247d4f41d38a.json.
2025-06-24 00:29:49,935 [WARNING] No evaluations found for idFreelancer=17432 in e6fb52c108655e3dbb47bfeccce12131.json.
2025-06-24 00:29:49,988 [WARNING] No evaluations found for idFreelancer=1274 in e702e51da2c0f5be4dd354bb3e295d37.json.
2025-06-24 00:29:50,055 [WARNING] No evaluations found for idFreelancer=18249 in e743a091199384909e62fdb62d701810.json.
2025-06-24 00:29:50,114 [WARNING] No evaluations found for idFreelancer=968 in e744f91c29ec99f0e662c9177946c627.json.
2025-06-24 00:29:50,146 [WARNING] No evaluations found for idFreelancer=8346 in e7db14e12fb49c1d78a573e6e5f542c2.json.
2025-06-24 00:29:50,177 [WARNING] No evaluations found for idFreelancer=1480 in e816c635cad85a60fabd6b97b03cbcc9.json.
2025-06-24 00:29:50,204 [WARNING] No evaluations found for idFreelancer=17428 in e820a45f1dfc7b95282d10b6087e11c0.json.
2025-06-24 00:29:50,228 [WARNING] No evaluations found for idFreelancer=12622 in e9352a44851329428546289d02ba92b6.json.
2025-06-24 00:29:50,252 [INFO] Updated e96c7de8f6390b1e6c71556e4e0a4959.json with 2 evaluations.
2025-06-24 00:29:50,283 [WARNING] No evaluations found for idFreelancer=734 in e995f98d56967d946471af29d7bf99f1.json.
2025-06-24 00:29:50,313 [WARNING] No evaluations found for idFreelancer=17833 in ea2e44965e2fc72273d0a41e9bc79805.json.
2025-06-24 00:29:50,343 [WARNING] No evaluations found for idFreelancer=12830 in eaf90ea9a5c3866af372589e011d4242.json.
2025-06-24 00:29:50,374 [WARNING] No evaluations found for idFreelancer=1852 in eb1e78328c46506b46a4ac4a1e378b91.json.
2025-06-24 00:29:50,404 [WARNING] No evaluations found for idFreelancer=13987 in eb5053f7d2403c84a849b040014903ac.json.
2025-06-24 00:29:50,435 [WARNING] No evaluations found for idFreelancer=14018 in ebc82ddcaa790d66bba665311ead3045.json.
2025-06-24 00:29:50,466 [WARNING] No evaluations found for idFreelancer=12477 in ebf59110c0306610e192bd156d58c4e3.json.
2025-06-24 00:29:50,493 [WARNING] No evaluations found for idFreelancer=None in ec4de54f2f3afa14175e5eabfc16ce1f.json.
2025-06-24 00:29:50,519 [WARNING] No evaluations found for idFreelancer=9662 in ec6826e925952de7a90be595700f4189.json.
2025-06-24 00:29:50,565 [WARNING] No evaluations found for idFreelancer=8612 in ec79d4bed810ed64267d169b0d37373e.json.
2025-06-24 00:29:50,617 [WARNING] No evaluations found for idFreelancer=None in ecf906a99fb0d66f7aea10c5504b88cb.json.
2025-06-24 00:29:50,673 [WARNING] No evaluations found for idFreelancer=13187 in ed2357bbbd318d584d579d024d9fd808.json.
2025-06-24 00:29:50,725 [WARNING] No evaluations found for idFreelancer=None in ed45e77e699645c84f3f27b7b5ad1e2d.json.
2025-06-24 00:29:50,774 [WARNING] No evaluations found for idFreelancer=12691 in edf7f2f34f6b96fae76c68bc2268c128.json.
2025-06-24 00:29:50,827 [WARNING] No evaluations found for idFreelancer=None in eedc6ed006e6f49a7010013cc1fd8a3f.json.
2025-06-24 00:29:50,878 [WARNING] No evaluations found for idFreelancer=18707 in eef83da5f4bf1168b71baec76e8d17cb.json.
2025-06-24 00:29:50,933 [WARNING] No evaluations found for idFreelancer=None in ef0d3930a7b6c95bd2b32ed45989c61f.json.
2025-06-24 00:29:50,991 [WARNING] No evaluations found for idFreelancer=10661 in ef2f8301bf2c3404552f1c3df84df9ec.json.
2025-06-24 00:29:51,040 [WARNING] No evaluations found for idFreelancer=472 in ef575e8837d065a1683c022d2077d342.json.
2025-06-24 00:29:51,068 [WARNING] No evaluations found for idFreelancer=19364 in ef8051ce270059a142fcb0b3e47b1cd4.json.
2025-06-24 00:29:51,093 [WARNING] No evaluations found for idFreelancer=None in ef8f157ca5b0983df9112aaca855ec2b.json.
2025-06-24 00:29:51,119 [WARNING] No evaluations found for idFreelancer=13587 in efc52ad8c8b25e39ff87d69407971378.json.
2025-06-24 00:29:51,141 [WARNING] No evaluations found for idFreelancer=11972 in f00e1df0c9e961695bd1c1d9816d0c04.json.
2025-06-24 00:29:51,166 [WARNING] No evaluations found for idFreelancer=7879 in f0282b5ff85e7c9c66200d780bd7e72e.json.
2025-06-24 00:29:51,191 [WARNING] No evaluations found for idFreelancer=15437 in f02b3153b7cd94c63d06aca54cb1e6e6.json.
2025-06-24 00:29:51,225 [WARNING] No evaluations found for idFreelancer=12623 in f06d497659096949ed7c01894ba38694.json.
2025-06-24 00:29:51,255 [WARNING] No evaluations found for idFreelancer=10821 in f0bbf5fb2b067fda7b491dc2307411e4.json.
2025-06-24 00:29:51,282 [WARNING] No evaluations found for idFreelancer=11105 in f0f07e680de407b0f12abf15bd520097.json.
2025-06-24 00:29:51,302 [WARNING] No evaluations found for idFreelancer=7211 in f10f2da9a238b746d2bac55759915f0d.json.
2025-06-24 00:29:51,336 [WARNING] No evaluations found for idFreelancer=19629 in f12a6a7477077af66212ef0813bcf332.json.
2025-06-24 00:29:51,366 [WARNING] No evaluations found for idFreelancer=19332 in f182c4c2e7b4bd91debd2d0d636becac.json.
2025-06-24 00:29:51,395 [WARNING] No evaluations found for idFreelancer=10663 in f1b77376e6da9ea8126410f9331886e8.json.
2025-06-24 00:29:51,429 [WARNING] No evaluations found for idFreelancer=None in f1f485b532be392dd7964f94dbd0562a.json.
2025-06-24 00:29:51,465 [WARNING] No evaluations found for idFreelancer=14003 in f2671992766736eaee5018a1de716c86.json.
2025-06-24 00:29:51,501 [WARNING] No evaluations found for idFreelancer=1836 in f26dab9bf6a137c3b6782e562794c2f2.json.
2025-06-24 00:29:51,535 [WARNING] No evaluations found for idFreelancer=None in f277335b0fda4885798095b94a3d0bc8.json.
2025-06-24 00:29:51,570 [WARNING] No evaluations found for idFreelancer=None in f2fc990265c712c49d51a18a32b39f0c.json.
2025-06-24 00:29:51,605 [WARNING] No evaluations found for idFreelancer=1603 in f3067d687ee39c3cbfa75573457e479d.json.
2025-06-24 00:29:51,640 [WARNING] No evaluations found for idFreelancer=18263 in f334fd0f4700b83c04b5ffb104bdbcd0.json.
2025-06-24 00:29:51,679 [WARNING] No evaluations found for idFreelancer=553 in f387624df552cea2f369918c5e1e12bc.json.
2025-06-24 00:29:51,714 [WARNING] No evaluations found for idFreelancer=9323 in f42fff7bf91c9292a6a6dd4ee86eee6c.json.
2025-06-24 00:29:51,750 [WARNING] No evaluations found for idFreelancer=1846 in f45a1078feb35de77d26b3f7a52ef502.json.
2025-06-24 00:29:51,786 [WARNING] No evaluations found for idFreelancer=12034 in f45ab3a13b96528881ffe7a63b547e79.json.
2025-06-24 00:29:51,824 [WARNING] No evaluations found for idFreelancer=18116 in f474573a89a8f1da580cbfd9b0fecd33.json.
2025-06-24 00:29:51,832 [WARNING] No evaluations found for idFreelancer=528 in f4be00279ee2e0a53eafdaa94a151e2c.json.
2025-06-24 00:29:51,871 [WARNING] No evaluations found for idFreelancer=11072 in f51338d736f95dd42427296047067694.json.
2025-06-24 00:29:51,913 [WARNING] No evaluations found for idFreelancer=7304 in f52db9f7c0ae7017ee41f63c2a7353bc.json.
2025-06-24 00:29:51,954 [WARNING] No evaluations found for idFreelancer=11400 in f56de5ef149cf0aedcc8f4797031e229.json.
2025-06-24 00:29:51,979 [WARNING] No evaluations found for idFreelancer=None in f591ed4b09492933c2de77c78c9d9a66.json.
2025-06-24 00:29:52,002 [WARNING] No evaluations found for idFreelancer=450 in f5f8590cd58a54e94377e6ae2eded4d9.json.
2025-06-24 00:29:52,025 [WARNING] No evaluations found for idFreelancer=375 in f61d6947467ccd3aa5af24db320235dd.json.
2025-06-24 00:29:52,041 [WARNING] No evaluations found for idFreelancer=None in f665651bcc641391820b462874c05e16.json.
2025-06-24 00:29:52,061 [WARNING] No evaluations found for idFreelancer=None in f6950025e8c79788ef9fb271f8ba8ac5.json.
2025-06-24 00:29:52,080 [WARNING] No evaluations found for idFreelancer=8965 in f6e25176c96f7d7c8c7d74ff8babee5d.json.
2025-06-24 00:29:52,101 [WARNING] No evaluations found for idFreelancer=None in f7c4382ef2abd84bbe5297f34f5e3ae4.json.
2025-06-24 00:29:52,137 [WARNING] No evaluations found for idFreelancer=9573 in f7f07e7dab09533bc71247a5b29a7373.json.
2025-06-24 00:29:52,173 [WARNING] No evaluations found for idFreelancer=9125 in f7f84297f903c4ae67e9b17ebb49c5a3.json.
2025-06-24 00:29:52,213 [WARNING] No evaluations found for idFreelancer=15047 in f8b18593cdbb1ce289330560a44e33aa.json.
2025-06-24 00:29:52,254 [WARNING] No evaluations found for idFreelancer=2064 in f8bf09f5fceaea80e1f864a1b48938bf.json.
2025-06-24 00:29:52,290 [WARNING] No evaluations found for idFreelancer=None in f8e59f4b2fe7c5705bf878bbd494ccdf.json.
2025-06-24 00:29:52,326 [WARNING] No evaluations found for idFreelancer=None in f8e918489f1e0a81ff11312f4d0630c1.json.
2025-06-24 00:29:52,363 [WARNING] No evaluations found for idFreelancer=838 in f9028faec74be6ec9b852b0a542e2f39.json.
2025-06-24 00:29:52,402 [WARNING] No evaluations found for idFreelancer=8813 in f90bebdc692f68ebf8f1dee68a01a8e0.json.
2025-06-24 00:29:52,448 [WARNING] No evaluations found for idFreelancer=17373 in f96f9be4a7f4fa8ad6803378e0529ebc.json.
2025-06-24 00:29:52,494 [WARNING] No evaluations found for idFreelancer=2286 in fa2431bf9d65058fe34e9713e32d60e6.json.
2025-06-24 00:29:52,530 [WARNING] No evaluations found for idFreelancer=8754 in fa733611ef13bd333ebfbab7eed14b63.json.
2025-06-24 00:29:52,562 [WARNING] No evaluations found for idFreelancer=None in fa7cdfad1a5aaf8370ebeda47a1ff1c3.json.
2025-06-24 00:29:52,592 [WARNING] No evaluations found for idFreelancer=None in fb51aea2099d8fbdfe50a5cd69ff8e50.json.
2025-06-24 00:29:52,623 [WARNING] No evaluations found for idFreelancer=12153 in fb5d9e209ebda9ab6556a31639190622.json.
2025-06-24 00:29:52,652 [WARNING] No evaluations found for idFreelancer=15794 in fc133194812b3983d793d362c4fe97e7.json.
2025-06-24 00:29:52,672 [WARNING] No evaluations found for idFreelancer=None in fc7079c59bf3610c28028522c22f6ef8.json.
2025-06-24 00:29:52,693 [WARNING] No evaluations found for idFreelancer=12510 in fc79f85644e61b73336061894220e641.json.
2025-06-24 00:29:52,713 [WARNING] No evaluations found for idFreelancer=None in fc8956a9c5bb091ed488e75e3df5ae4f.json.
2025-06-24 00:29:52,732 [WARNING] No evaluations found for idFreelancer=None in fcbfab2f4cda26061ed9e3ee96a4fd61.json.
2025-06-24 00:29:52,752 [WARNING] No evaluations found for idFreelancer=680 in fccb3cdc9acc14a6e70a12f74560c026.json.
2025-06-24 00:29:52,771 [WARNING] No evaluations found for idFreelancer=None in fd1095d744e5a2ba86ca7a9870aa6730.json.
2025-06-24 00:29:52,790 [WARNING] No evaluations found for idFreelancer=17423 in fd40463bdad3ce3d82883121161c416e.json.
2025-06-24 00:29:52,809 [WARNING] No evaluations found for idFreelancer=12602 in fd8979ada2fd5bab05e9c5f035a5c4c7.json.
2025-06-24 00:29:52,829 [WARNING] No evaluations found for idFreelancer=14328 in fda6baab618b39821b678bd52ff26428.json.
2025-06-24 00:29:52,849 [WARNING] No evaluations found for idFreelancer=None in fdb2c3bab9d0701c4a050a4d8d782c7f.json.
2025-06-24 00:29:52,871 [WARNING] No evaluations found for idFreelancer=578 in fde9264cf376fffe2ee4ddf4a988880d.json.
2025-06-24 00:29:52,893 [WARNING] No evaluations found for idFreelancer=9043 in fdfb747f3811c255ad0e32fce91d72df.json.
2025-06-24 00:29:52,914 [WARNING] No evaluations found for idFreelancer=1131 in fe709c654eac84d5239d1a12a4f71877.json.
2025-06-24 00:29:52,937 [WARNING] No evaluations found for idFreelancer=986 in fe7ee8fc1959cc7214fa21c4840dff0a.json.
2025-06-24 00:29:52,961 [WARNING] No evaluations found for idFreelancer=8769 in fea33a31df7d05a276193d32621ecbe4.json.
2025-06-24 00:29:52,986 [WARNING] No evaluations found for idFreelancer=18240 in fea427597536f3e21482196d31927037.json.
2025-06-24 00:29:53,007 [WARNING] No evaluations found for idFreelancer=8923 in fedc604da8b0f9af74b6cfc0fab2163c.json.
2025-06-24 00:29:53,031 [WARNING] No evaluations found for idFreelancer=7263 in feeef9bd04fac1765263893621bb4811.json.
2025-06-24 00:29:53,052 [WARNING] No evaluations found for idFreelancer=17275 in ff356077cd5c5aed76a08459f3b6416d.json.
2025-06-24 00:29:53,076 [WARNING] No evaluations found for idFreelancer=12673 in fffb8ef15de06d87e6ba6c830f3b6284.json.
2025-06-24 00:29:53,076 [INFO] Process complete. Updated: 22, Missing: 899
2025-06-24 00:29:53,076 [INFO] \u2705 Finished adding evaluations to enriched JSON files.
