2025-06-19 14:36:26,191 [INFO] \U0001f50d Starting enrichment process...
2025-06-19 14:36:26,200 [WARNING] \u274c Skipped 0044deeec43ded19b952125079eb1781.json: No email field found.
2025-06-19 14:36:26,208 [WARNING] \u274c Skipped 0070d23b06b1486a538c0eaa45dd167a.json: No email field found.
2025-06-19 14:36:26,208 [WARNING] \u274c Skipped 00a1793212795f6d222f69250c639cb7.json: No email field found.
2025-06-19 14:36:26,313 [WARNING] \u26a0\ufe0f No DB match for email 'younes.elharitel3@gmail.com' in 00a2aa5c43a94f625ebf713cb5bfb091.json.
2025-06-19 14:36:26,340 [INFO] \u2705 Enriched 00b99e87221c9afb0c0c23c3fb403307.json with DB info.
2025-06-19 14:36:26,349 [WARNING] \u274c Skipped 00bbd6beace7365b27a913db75fddce9.json: No email field found.
2025-06-19 14:36:26,375 [WARNING] \u26a0\ufe0f No DB match for email 'marouanetaulaub@gmail.com' in 01741e5669e3f7622b92810ab0449276.json.
2025-06-19 14:36:26,403 [INFO] \u2705 Enriched 019fa4fdf1c04cf73ba25aa2223769cd.json with DB info.
2025-06-19 14:36:26,429 [WARNING] \u26a0\ufe0f No DB match for email 'choaibloubbati@gmail.com' in 01bebc8e971d09cb90cf5756b340f24c.json.
2025-06-19 14:36:26,458 [INFO] \u2705 Enriched 023d0a5671efd29e80b4deef8262e297.json with DB info.
2025-06-19 14:36:26,485 [INFO] \u2705 Enriched 023f12b8e1d9987cc9a497bb7beeb93b.json with DB info.
2025-06-19 14:36:26,511 [INFO] \u2705 Enriched 03287fcce194dbd958c2ec5b33705912.json with DB info.
2025-06-19 14:36:26,538 [INFO] \u2705 Enriched 036ad3e516c5bf3a4b3be35b137bcbb8.json with DB info.
2025-06-19 14:36:26,550 [WARNING] \u274c Skipped 03793ef7d06ffd63d34ade9d091f1ced.json: No email field found.
2025-06-19 14:36:26,574 [WARNING] \u26a0\ufe0f No DB match for email 'mohamedlaalam2001@gmail.com' in 03bc8e45ce4903b86f933ebb1fedbc44.json.
2025-06-19 14:36:26,601 [INFO] \u2705 Enriched 03f544613917945245041ea1581df0c2.json with DB info.
2025-06-19 14:36:26,631 [INFO] \u2705 Enriched 05049e90fa4f5039a8cadc6acbb4b2cc.json with DB info.
2025-06-19 14:36:26,657 [INFO] \u2705 Enriched 050553d40196ef109fff37cbb40aaf28.json with DB info.
2025-06-19 14:36:26,684 [INFO] \u2705 Enriched 05187e56cce6ec71e229dc98e8bf27f0.json with DB info.
2025-06-19 14:36:26,710 [WARNING] \u26a0\ufe0f No DB match for email 'adbllaoui.gymmotivation@gmail.com' in 05311655a15b75fab86956663e1819cd.json.
2025-06-19 14:36:26,719 [WARNING] \u274c Skipped 05425f51eaeab268c26a5d42f2ccedaf.json: No email field found.
2025-06-19 14:36:26,743 [WARNING] \u26a0\ufe0f No DB match for email 'hassan.essoufy@gmail.com' in 054d8676703eb94453c7239558b16daf.json.
2025-06-19 14:36:26,751 [WARNING] \u274c Skipped 05a8f6355912b488f5e9b52cccef91a0.json: No email field found.
2025-06-19 14:36:26,758 [WARNING] \u274c Skipped 069059b7ef840f0c74a814ec9237b6ec.json: No email field found.
2025-06-19 14:36:26,782 [INFO] \u2705 Enriched 06f16510fb0dc706bb81d01ff33df729.json with DB info.
2025-06-19 14:36:26,810 [WARNING] \u26a0\ufe0f No DB match for email 'mohamedlemsyeh@gmail.com' in 07042ac7d03d3b9911a00da43ce0079a.json.
2025-06-19 14:36:26,838 [INFO] \u2705 Enriched 076023edc9187cf1ac1f1163470e479a.json with DB info.
2025-06-19 14:36:26,868 [INFO] \u2705 Enriched 077e29b11be80ab57e1a2ecabb7da330.json with DB info.
2025-06-19 14:36:26,894 [WARNING] \u26a0\ufe0f No DB match for email 'the.mbarki8@gmail.com' in 07a4e20a7bbeeb7a736682b26b16ebe8.json.
2025-06-19 14:36:26,903 [WARNING] \u274c Skipped 07ac7cd13fd0eb1654ccdbd222b81437.json: No email field found.
2025-06-19 14:36:26,910 [WARNING] \u274c Skipped 07cdfd23373b17c6b337251c22b7ea57.json: No email field found.
2025-06-19 14:36:26,933 [INFO] \u2705 Enriched 081be9fdff07f3bc808f935906ef70c0.json with DB info.
2025-06-19 14:36:26,961 [INFO] \u2705 Enriched 08808cfb5939be387af3c159b83c6b98.json with DB info.
2025-06-19 14:36:26,972 [WARNING] \u274c Skipped 08b94fd98ee63a60c5d191649dcfe29a.json: No email field found.
2025-06-19 14:36:26,997 [INFO] \u2705 Enriched 096b826c74d0c38d76aa6dbae35ed59d.json with DB info.
2025-06-19 14:36:27,022 [INFO] \u2705 Enriched 09d90af096ee93aae1cecbb338d43020.json with DB info.
2025-06-19 14:36:27,040 [INFO] \u2705 Enriched 0a3df70393993583a13c0dd6686f3f32.json with DB info.
2025-06-19 14:36:27,059 [INFO] \u2705 Enriched 0a4afc550434c2fa75a83a3fbdb408d0.json with DB info.
2025-06-19 14:36:27,060 [WARNING] \u274c Skipped 0a65e195cb51418279b6fa8d96847a60.json: No email field found.
2025-06-19 14:36:27,078 [INFO] \u2705 Enriched 0a7d7a81e8e3a20e4c34748e98ef45f6.json with DB info.
2025-06-19 14:36:27,096 [INFO] \u2705 Enriched 0a9fdbb17feb6ccb7ec405cfb85222c4.json with DB info.
2025-06-19 14:36:27,115 [INFO] \u2705 Enriched 0aa2ebf701adab64a123a01be6dcc018.json with DB info.
2025-06-19 14:36:27,135 [INFO] \u2705 Enriched 0acf03f408f90ea0dcba786d300620db.json with DB info.
2025-06-19 14:36:27,153 [INFO] \u2705 Enriched 0b1ec366924b26fc98fa7b71a9c249cf.json with DB info.
2025-06-19 14:36:27,178 [INFO] \u2705 Enriched 0b4078ee99ffc88fb383ffcdcd377d67.json with DB info.
2025-06-19 14:36:27,196 [INFO] \u2705 Enriched 0b823d8b45ee3eaf26e538b6cff6f451.json with DB info.
2025-06-19 14:36:27,225 [WARNING] \u26a0\ufe0f No DB match for email 'loukilinouh12@gmail.com' in 0c14d9e1250da76981b5fac734227f0a.json.
2025-06-19 14:36:27,255 [INFO] \u2705 Enriched 0c52d419a421fb13bb58357e67b7fb4b.json with DB info.
2025-06-19 14:36:27,282 [INFO] \u2705 Enriched 0cc6928e741d75e7a92396317522069e.json with DB info.
2025-06-19 14:36:27,315 [WARNING] \u26a0\ufe0f No DB match for email 'youssefbousmaha@gmail.com' in 0ce98f53e3aa229aa2f31b16e5dcbb4b.json.
2025-06-19 14:36:27,355 [WARNING] \u26a0\ufe0f No DB match for email 'alaouihichamiyoussef@gmail.com' in 0d22da4bd124d386f5546323c45bc924.json.
2025-06-19 14:36:27,392 [WARNING] \u26a0\ufe0f No DB match for email 'yassirmarrakchii@gmail.com' in 0d2cf688695b43e2b42d77b481f71222.json.
2025-06-19 14:36:27,402 [WARNING] \u274c Skipped 0d5a4a5a748611231b945d28436b8ece.json: No email field found.
2025-06-19 14:36:27,431 [INFO] \u2705 Enriched 0deb1c54814305ca9ad266f53bc82511.json with DB info.
2025-06-19 14:36:27,449 [INFO] \u2705 Enriched 0e095e054ee94774d6a496099eb1cf6a.json with DB info.
2025-06-19 14:36:27,476 [INFO] \u2705 Enriched 0e16366727185813f59d4a9467878901.json with DB info.
2025-06-19 14:36:27,502 [INFO] \u2705 Enriched 0e762b65028402721e10bbc97ede52b7.json with DB info.
2025-06-19 14:36:27,510 [WARNING] \u274c Skipped 0eb178c5581f651876fadae5a8980899.json: No email field found.
2025-06-19 14:36:27,535 [INFO] \u2705 Enriched 0ebcdb06cf4d039f0d08b356c26bc466.json with DB info.
2025-06-19 14:36:27,552 [INFO] \u2705 Enriched 0ef037ce94ff9b7930d095a7e2ffee1f.json with DB info.
2025-06-19 14:36:27,577 [INFO] \u2705 Enriched 0f701e22c252a24d9449e829b0c21666.json with DB info.
2025-06-19 14:36:27,602 [INFO] \u2705 Enriched 0f83556a305d789b1d71815e8ea4f4b0.json with DB info.
2025-06-19 14:36:27,621 [INFO] \u2705 Enriched 0f8a6c1689a55493677426059495e532.json with DB info.
2025-06-19 14:36:27,647 [INFO] \u2705 Enriched 0f9cfb7a9acced8a4167ea8006fdd080.json with DB info.
2025-06-19 14:36:27,674 [INFO] \u2705 Enriched 1074cf6dee6fd3a453ea3fa9d190a430.json with DB info.
2025-06-19 14:36:27,699 [INFO] \u2705 Enriched 108670e12c6e0fcf4d959fc8d2eabef6.json with DB info.
2025-06-19 14:36:27,708 [WARNING] \u274c Skipped 109f08ce8c30365b3040d1284390101e.json: No email field found.
2025-06-19 14:36:27,716 [WARNING] \u274c Skipped 10eb6500bd1e4a3704818012a1593cc3.json: No email field found.
2025-06-19 14:36:27,744 [INFO] \u2705 Enriched 1141938ba2c2b13f5505d7c424ebae5f.json with DB info.
2025-06-19 14:36:27,769 [INFO] \u2705 Enriched 1147dc16a8e1b44eead07282cad093f8.json with DB info.
2025-06-19 14:36:27,796 [WARNING] \u26a0\ufe0f No DB match for email 'abdelhadi.elbcir@gmail.com' in 118d579a49f315ad23ee0ef10f564bdc.json.
2025-06-19 14:36:27,805 [WARNING] \u274c Skipped 11ed516444b2593eaba7f2c2bb63483e.json: No email field found.
2025-06-19 14:36:27,829 [INFO] \u2705 Enriched 11f524c3fbfeeca4aa916edcb6b6392e.json with DB info.
2025-06-19 14:36:27,857 [INFO] \u2705 Enriched 11f9e78e4899a78dedd439fc583b6693.json with DB info.
2025-06-19 14:36:27,885 [INFO] \u2705 Enriched 1255580674a2f99d63e59950c956bf97.json with DB info.
2025-06-19 14:36:27,894 [WARNING] \u274c Skipped 129e4760599f99cd2841b7a19d03e07e.json: No email field found.
2025-06-19 14:36:27,918 [INFO] \u2705 Enriched 12c5d905338ad27185308ae3269ef888.json with DB info.
2025-06-19 14:36:27,944 [INFO] \u2705 Enriched 1345df26413e5a97ce4bddd35cad74b8.json with DB info.
2025-06-19 14:36:27,972 [INFO] \u2705 Enriched 1359aa933b48b754a2f54adb688bfa77.json with DB info.
2025-06-19 14:36:27,980 [WARNING] \u274c Skipped 1368ba1ab6ed38bb1f26f36673739d54.json: No email field found.
2025-06-19 14:36:28,003 [INFO] \u2705 Enriched 13f9896df61279c928f19721878fac41.json with DB info.
2025-06-19 14:36:28,029 [WARNING] \u26a0\ufe0f No DB match for email 'Hicham.edberdouz@gmail.com' in 1427e10d92d23fb0476c58351417849e.json.
2025-06-19 14:36:28,038 [WARNING] \u274c Skipped 1437751a77305a0c4c8d44127bd8c285.json: No email field found.
2025-06-19 14:36:28,062 [INFO] \u2705 Enriched 14da15db887a4b50efe5c1bc66537089.json with DB info.
2025-06-19 14:36:28,089 [INFO] \u2705 Enriched 14faf969228fc18fcd4fcf59437b0c97.json with DB info.
2025-06-19 14:36:28,114 [INFO] \u2705 Enriched 1572ed60024e708cf21c4c6f19e7d550.json with DB info.
2025-06-19 14:36:28,123 [WARNING] \u274c Skipped 1587965fb4d4b5afe8428a4a024feb0d.json: No email field found.
2025-06-19 14:36:28,149 [INFO] \u2705 Enriched 158fc2ddd52ec2cf54d3c161f2dd6517.json with DB info.
2025-06-19 14:36:28,175 [WARNING] \u26a0\ufe0f No DB match for email 'karchalimad@gmail.com' in 15d496c747570c7e50bdcd422bee5576.json.
2025-06-19 14:36:28,201 [INFO] \u2705 Enriched 15ef9d499850bb871944e0b52083173a.json with DB info.
2025-06-19 14:36:28,209 [WARNING] \u274c Skipped 16002f7a455a94aa4e91cc34ebdb9f2d.json: No email field found.
2025-06-19 14:36:28,233 [INFO] \u2705 Enriched 16a4d8f9442ec82c5d390079cad8f194.json with DB info.
2025-06-19 14:36:28,259 [INFO] \u2705 Enriched 16d8a58d14a62420c9a1cbc088035e31.json with DB info.
2025-06-19 14:36:28,287 [INFO] \u2705 Enriched 16e58d932f3bf986116b9802a7bfeb19.json with DB info.
2025-06-19 14:36:28,314 [INFO] \u2705 Enriched 16f852a6d01b6065c8ff5cc11caae9c6.json with DB info.
2025-06-19 14:36:28,341 [INFO] \u2705 Enriched 171b3569124a791f200cd7be51be1a43.json with DB info.
2025-06-19 14:36:28,368 [INFO] \u2705 Enriched 178b0113689dce8a7e48360c3886dc99.json with DB info.
2025-06-19 14:36:28,396 [INFO] \u2705 Enriched 17a3120e4e5fbdc3cb5b5f946809b06a.json with DB info.
2025-06-19 14:36:28,425 [INFO] \u2705 Enriched 17d63b1625c816c22647a73e1482372b.json with DB info.
2025-06-19 14:36:28,450 [INFO] \u2705 Enriched 185c29dc24325934ee377cfda20e414c.json with DB info.
2025-06-19 14:36:28,477 [INFO] \u2705 Enriched 1868f17c2c15b5eafdc3cce2f5ac97d5.json with DB info.
2025-06-19 14:36:28,503 [INFO] \u2705 Enriched 186a157b2992e7daed3677ce8e9fe40f.json with DB info.
2025-06-19 14:36:28,512 [WARNING] \u274c Skipped 18c7c32f90d25fbe5c1b9ac0e8d5e475.json: No email field found.
2025-06-19 14:36:28,536 [INFO] \u2705 Enriched 18df51b97ccd68128e994804f3eccc87.json with DB info.
2025-06-19 14:36:28,561 [INFO] \u2705 Enriched 18e8bbd4a4a899afc26a4c8a12a1c308.json with DB info.
2025-06-19 14:36:28,589 [INFO] \u2705 Enriched 1906f3350e1fa43adced642ff351c943.json with DB info.
2025-06-19 14:36:28,616 [WARNING] \u26a0\ufe0f No DB match for email 'aymen.mzpro@gmail.com' in 1943102704f8f8f3302c2b730728e023.json.
2025-06-19 14:36:28,644 [INFO] \u2705 Enriched 19ae449792fac7866a7d551fc38c08ed.json with DB info.
2025-06-19 14:36:28,671 [WARNING] \u26a0\ufe0f No DB match for email 'fouziabalibla@gmail.com' in 19bc916108fc6938f52cb96f7e087941.json.
2025-06-19 14:36:28,696 [INFO] \u2705 Enriched 19f3cd308f1455b3fa09a282e0d496f4.json with DB info.
2025-06-19 14:36:28,723 [INFO] \u2705 Enriched 1a26a28c4beba1bd232cd88b972438cd.json with DB info.
2025-06-19 14:36:28,749 [INFO] \u2705 Enriched 1a81859544a7eff3e599b8c322559c00.json with DB info.
2025-06-19 14:36:28,774 [INFO] \u2705 Enriched 1a8207690ac54d845f7a57dd468970fa.json with DB info.
2025-06-19 14:36:28,783 [WARNING] \u274c Skipped 1aabb3fa1280144bf946da37d00c05f1.json: No email field found.
2025-06-19 14:36:28,808 [INFO] \u2705 Enriched 1ac978c8020be6d7212aa71d4f040fc3.json with DB info.
2025-06-19 14:36:28,835 [INFO] \u2705 Enriched 1b12189170921fa4ac5414db98f542de.json with DB info.
2025-06-19 14:36:28,860 [INFO] \u2705 Enriched 1b486d7a5189ebe8d8c46afc64b0d1b4.json with DB info.
2025-06-19 14:36:28,887 [INFO] \u2705 Enriched 1b5e669dd84003f7a70da7724e5cba93.json with DB info.
2025-06-19 14:36:28,915 [INFO] \u2705 Enriched 1b742ae215adf18b75449c6e272fd92d.json with DB info.
2025-06-19 14:36:28,942 [WARNING] \u26a0\ufe0f No DB match for email 'jihanebelh87@gmail.com' in 1b7dbe36e1322048b49ab4b2b2c735e9.json.
2025-06-19 14:36:28,966 [INFO] \u2705 Enriched 1c104b9c0accfca52ef21728eaf01453.json with DB info.
2025-06-19 14:36:28,993 [WARNING] \u26a0\ufe0f No DB match for email 'idmiranzouheir@gmail.com' in 1c1d4df596d01da60385f0bb17a4a9e0.json.
2025-06-19 14:36:29,019 [INFO] \u2705 Enriched 1c330c47cabfad26af32d6249919ecb8.json with DB info.
2025-06-19 14:36:29,044 [INFO] \u2705 Enriched 1c383cd30b7c298ab50293adfecb7b18.json with DB info.
2025-06-19 14:36:29,070 [WARNING] \u26a0\ufe0f No DB match for email 'graphixflowofficial@gmail.com' in 1c95ee9c76a4fb9258cb07573752bef7.json.
2025-06-19 14:36:29,099 [WARNING] \u26a0\ufe0f No DB match for email 'elhajaj.gd@gmail.com' in 1c9884d82761f8718077f56cee0c1da4.json.
2025-06-19 14:36:29,125 [INFO] \u2705 Enriched 1cde2efe98ea537f5359cdd66941196d.json with DB info.
2025-06-19 14:36:29,134 [WARNING] \u274c Skipped 1ddfa4ccdcea53130b500eaabb190e4b.json: No email field found.
2025-06-19 14:36:29,160 [INFO] \u2705 Enriched 1de7d2b90d554be9f0db1c338e80197d.json with DB info.
2025-06-19 14:36:29,187 [WARNING] \u26a0\ufe0f No DB match for email 'oussamachayoukh7@gmail.com' in 1e056d2b0ebd5c878c550da6ac5d3724.json.
2025-06-19 14:36:29,213 [INFO] \u2705 Enriched 1e4dc58a5c8c8908a4d317d6ef44a4d0.json with DB info.
2025-06-19 14:36:29,239 [INFO] \u2705 Enriched 1e79596878b2320cac26dd792a6c51c9.json with DB info.
2025-06-19 14:36:29,265 [INFO] \u2705 Enriched 1efa39bcaec6f3900149160693694536.json with DB info.
2025-06-19 14:36:29,290 [INFO] \u2705 Enriched 1f0e3dad99908345f7439f8ffabdffc4.json with DB info.
2025-06-19 14:36:29,298 [WARNING] \u274c Skipped 1f1baa5b8edac74eb4eaa329f14a0361.json: No email field found.
2025-06-19 14:36:29,322 [INFO] \u2705 Enriched 1ff8a7b5dc7a7d1f0ed65aaa29c04b1e.json with DB info.
2025-06-19 14:36:29,348 [INFO] \u2705 Enriched 202cb962ac59075b964b07152d234b70.json with DB info.
2025-06-19 14:36:29,377 [INFO] \u2705 Enriched 206bb45f944accb7a4cd1f135786c415.json with DB info.
2025-06-19 14:36:29,402 [INFO] \u2705 Enriched 211c1e0b83b9c69fa9c4bdede203c1e3.json with DB info.
2025-06-19 14:36:29,428 [INFO] \u2705 Enriched 2134556f9140640adff936306ce87a24.json with DB info.
2025-06-19 14:36:29,456 [WARNING] \u26a0\ufe0f No DB match for email 'benzakrihajar768@gmail.com' in 217eedd1ba8c592db97d0dbe54c7adfc.json.
2025-06-19 14:36:29,482 [WARNING] \u26a0\ufe0f No DB match for email 'sakhii.chaimaa@gmail.com' in 218a0aefd1d1a4be65601cc6ddc1520e.json.
2025-06-19 14:36:29,508 [INFO] \u2705 Enriched 21eb2cde1194b85163cbd079f5962edf.json with DB info.
2025-06-19 14:36:29,534 [WARNING] \u26a0\ufe0f No DB match for email 'imadtahraouii@gmail.com' in 2201611d7a08ffda97e3e8c6b667a1bc.json.
2025-06-19 14:36:29,560 [INFO] \u2705 Enriched 2246409389f1ea413ff9c03b9e09ffb3.json with DB info.
2025-06-19 14:36:29,569 [WARNING] \u274c Skipped 22d0c530efd7037118d2011a68444823.json: No email field found.
2025-06-19 14:36:29,597 [WARNING] \u26a0\ufe0f No DB match for email 'Bujujan.ru@gmail.com' in 232362afef787e622e4d148d7630445a.json.
2025-06-19 14:36:29,627 [INFO] \u2705 Enriched 235fba44e32ba4dd3a3f72db1a8a6846.json with DB info.
2025-06-19 14:36:29,654 [INFO] \u2705 Enriched 2365a4db507862569752334234a29b50.json with DB info.
2025-06-19 14:36:29,682 [INFO] \u2705 Enriched 23937b42f9273974570fb5a56a6652ee.json with DB info.
2025-06-19 14:36:29,708 [INFO] \u2705 Enriched 23c97e9cb93576e45d2feaf00d0e8502.json with DB info.
2025-06-19 14:36:29,733 [WARNING] \u26a0\ufe0f No DB match for email 'samirataer2021@gmail.com' in 23d6c2965508b167da9c4bdcef3a2aa3.json.
2025-06-19 14:36:29,741 [WARNING] \u274c Skipped 23f35020df135821bc9a1c51e3900047.json: No email field found.
2025-06-19 14:36:29,765 [INFO] \u2705 Enriched 242c100dc94f871b6d7215b868a875f8.json with DB info.
2025-06-19 14:36:29,791 [INFO] \u2705 Enriched 24357dd085d2c4b1a88a7e0692e60294.json with DB info.
2025-06-19 14:36:29,799 [WARNING] \u274c Skipped 2475c20d9e9a1aaee80dcbc4e6316157.json: No email field found.
2025-06-19 14:36:29,824 [INFO] \u2705 Enriched 248e844336797ec98478f85e7626de4a.json with DB info.
2025-06-19 14:36:29,849 [INFO] \u2705 Enriched 249b96bd669d584de425cc8761d2ca9f.json with DB info.
2025-06-19 14:36:29,876 [INFO] \u2705 Enriched 24e6e6721e0a39950780dfb8f91e53ed.json with DB info.
2025-06-19 14:36:29,906 [INFO] \u2705 Enriched 24f984f75f37a51922de69604322ff08.json with DB info.
2025-06-19 14:36:29,931 [INFO] \u2705 Enriched 254b6cccc84a3b7e5c696e67c9ef656e.json with DB info.
2025-06-19 14:36:29,960 [INFO] \u2705 Enriched 258a4107301a12383aabed96ced22b66.json with DB info.
2025-06-19 14:36:29,987 [INFO] \u2705 Enriched 25db67c5657914454081c6a18e93d6dd.json with DB info.
2025-06-19 14:36:29,995 [WARNING] \u274c Skipped 26337353b7962f533d78c762373b3318.json: No email field found.
2025-06-19 14:36:30,022 [INFO] \u2705 Enriched 26505e0494662534f633586941b77d0c.json with DB info.
2025-06-19 14:36:30,050 [INFO] \u2705 Enriched 27649dc46ea499041457767a5a703073.json with DB info.
2025-06-19 14:36:30,077 [INFO] \u2705 Enriched 278343ac714751e68175058a9bfb4e43.json with DB info.
2025-06-19 14:36:30,104 [INFO] \u2705 Enriched 285f89b802bcb2651801455c86d78f2a.json with DB info.
2025-06-19 14:36:30,130 [INFO] \u2705 Enriched 286674e3082feb7e5afb92777e48821f.json with DB info.
2025-06-19 14:36:30,138 [WARNING] \u274c Skipped 28e209b61a52482a0ae1cb9f5959c792.json: No email field found.
2025-06-19 14:36:30,162 [INFO] \u2705 Enriched 28fc2782ea7ef51c1104ccf7b9bea13d.json with DB info.
2025-06-19 14:36:30,171 [WARNING] \u274c Skipped 291925ddbc6e2d194d0c22d268e0f865.json: No email field found.
2025-06-19 14:36:30,194 [INFO] \u2705 Enriched 291ebc13dd6538bae3ec7959b8d770dc.json with DB info.
2025-06-19 14:36:30,221 [WARNING] \u26a0\ufe0f No DB match for email 'benaidj290@gmail.com' in 29515bb9a5d5e558e2b3ba71e3b6e037.json.
2025-06-19 14:36:30,259 [INFO] \u2705 Enriched 299570476c6f0309545110c592b6a63b.json with DB info.
2025-06-19 14:36:30,298 [INFO] \u2705 Enriched 29a9f8c8460e5e2be4edde557fd83712.json with DB info.
2025-06-19 14:36:30,332 [INFO] \u2705 Enriched 2a3d16448453d694b503aeebfd710aa7.json with DB info.
2025-06-19 14:36:30,366 [INFO] \u2705 Enriched 2ac2406e835bd49c70469acae337d292.json with DB info.
2025-06-19 14:36:30,397 [INFO] \u2705 Enriched 2aca752107ac2bde4cd02805118de503.json with DB info.
2025-06-19 14:36:30,425 [INFO] \u2705 Enriched 2af1e9eaa807096a11b32ed26ecc2cbb.json with DB info.
2025-06-19 14:36:30,451 [WARNING] \u26a0\ufe0f No DB match for email 'nassrallahsahban@gmail.com' in 2b16a44bb65751bb0ebe5d8b42644bc4.json.
2025-06-19 14:36:30,462 [WARNING] \u274c Skipped 2b1d520ee7fa77e7ff90488dcd7b3467.json: No email field found.
2025-06-19 14:36:30,490 [INFO] \u2705 Enriched 2b6bb5354a56ce256116b6b307a1ea10.json with DB info.
2025-06-19 14:36:30,501 [WARNING] \u274c Skipped 2b8a61594b1f4c4db0902a8a395ced93.json: No email field found.
2025-06-19 14:36:30,528 [INFO] \u2705 Enriched 2b8dec786a8cdf5889309995733b54d4.json with DB info.
2025-06-19 14:36:30,555 [INFO] \u2705 Enriched 2bb232c0b13c774965ef8558f0fbd615.json with DB info.
2025-06-19 14:36:30,565 [WARNING] \u274c Skipped 2bcab9d935d219641434683dd9d18a03.json: No email field found.
2025-06-19 14:36:30,591 [INFO] \u2705 Enriched 2bec63f5d312303621583b97ff7c68bf.json with DB info.
2025-06-19 14:36:30,618 [WARNING] \u26a0\ufe0f No DB match for email 'an@gmail.com' in 2c3ddf4bf13852db711dd1901fb517fa.json.
2025-06-19 14:36:30,646 [INFO] \u2705 Enriched 2c70bf4df3f4bfe2322ecf7a8803418c.json with DB info.
2025-06-19 14:36:30,674 [INFO] \u2705 Enriched 2cad8fa47bbef282badbb8de5374b894.json with DB info.
2025-06-19 14:36:30,700 [INFO] \u2705 Enriched 2cb6b10338a7fc4117a80da24b582060.json with DB info.
2025-06-19 14:36:30,728 [WARNING] \u26a0\ufe0f No DB match for email 'amshouflamyaa@gmail.com' in 2d5321f0813775370f774070cad46fbe.json.
2025-06-19 14:36:30,758 [INFO] \u2705 Enriched 2dc78e6026928309d3d26dc6dbd0276e.json with DB info.
2025-06-19 14:36:30,788 [INFO] \u2705 Enriched 2df9225a03b1cfd5294697afe5cbcd91.json with DB info.
2025-06-19 14:36:30,826 [INFO] \u2705 Enriched 2e0d41e02c5be4668ec1b0730b3346a8.json with DB info.
2025-06-19 14:36:30,863 [WARNING] \u26a0\ufe0f No DB match for email 'chouailalx@gmail.com' in 2e584bf14f2b3b604af609a0d4ff1e8f.json.
2025-06-19 14:36:30,875 [WARNING] \u274c Skipped 2e7fc7cb9bf8baacf29f1b7286976f53.json: No email field found.
2025-06-19 14:36:30,922 [INFO] \u2705 Enriched 2f29b6e3abc6ebdefb55456ea6ca5dc8.json with DB info.
2025-06-19 14:36:30,951 [INFO] \u2705 Enriched 2f55707d4193dc27118a0f19a1985716.json with DB info.
2025-06-19 14:36:30,961 [WARNING] \u274c Skipped 3000311ca56a1cb93397bc676c0b7fff.json: No email field found.
2025-06-19 14:36:30,991 [INFO] \u2705 Enriched 302101902bd9140427edc0c41e139782.json with DB info.
2025-06-19 14:36:31,018 [INFO] \u2705 Enriched 30235b7b3a6bf005d284bb1666fab7d1.json with DB info.
2025-06-19 14:36:31,044 [INFO] \u2705 Enriched 3091d86c09a002e144f4ec506eada3d7.json with DB info.
2025-06-19 14:36:31,052 [WARNING] \u274c Skipped 30c8e1ca872524fbf7ea5c519ca397ee.json: No email field found.
2025-06-19 14:36:31,078 [INFO] \u2705 Enriched 30ec85b4d1ce02fe671cf56c94fe758b.json with DB info.
2025-06-19 14:36:31,104 [WARNING] \u26a0\ufe0f No DB match for email 'm.omarmaftouh@gmail.com' in 319e33a217f7368ff7ceef7731ccf024.json.
2025-06-19 14:36:31,132 [INFO] \u2705 Enriched 31d754e8615621112f3956fae2707df8.json with DB info.
2025-06-19 14:36:31,160 [INFO] \u2705 Enriched 320722549d1751cf3f247855f937b982.json with DB info.
2025-06-19 14:36:31,186 [INFO] \u2705 Enriched 3210ddbeaa16948a702b6049b8d9a202.json with DB info.
2025-06-19 14:36:31,194 [WARNING] \u274c Skipped 329e6581efbc90bd92a1f22c4ba2103d.json: No email field found.
2025-06-19 14:36:31,219 [INFO] \u2705 Enriched 32e19424b63cc63077a4031b87fb1010.json with DB info.
2025-06-19 14:36:31,245 [INFO] \u2705 Enriched 32f84b597629f37d9ef53d714fce6fa1.json with DB info.
2025-06-19 14:36:31,285 [INFO] \u2705 Enriched 3328bdf9a4b9504b9398284244fe97c2.json with DB info.
2025-06-19 14:36:31,328 [INFO] \u2705 Enriched 3333c340e3fbea852ff31221049db563.json with DB info.
2025-06-19 14:36:31,359 [INFO] \u2705 Enriched 335f5352088d7d9bf74191e006d8e24c.json with DB info.
2025-06-19 14:36:31,386 [INFO] \u2705 Enriched 33a5435d4f945aa6154b31a73bab3b73.json with DB info.
2025-06-19 14:36:31,410 [INFO] \u2705 Enriched 340f2a36d43c3b00e592cf08cef006f1.json with DB info.
2025-06-19 14:36:31,437 [INFO] \u2705 Enriched 35051070e572e47d2c26c241ab88307f.json with DB info.
2025-06-19 14:36:31,467 [INFO] \u2705 Enriched 351b33587c5fdd93bd42ef7ac9995a28.json with DB info.
2025-06-19 14:36:31,494 [INFO] \u2705 Enriched 3546ab441e56fa333f8b44b610d95691.json with DB info.
2025-06-19 14:36:31,520 [INFO] \u2705 Enriched 357861553d0db7307050a24ce16a8c64.json with DB info.
2025-06-19 14:36:31,546 [INFO] \u2705 Enriched 35c5ce55d4c6015406e3f53558e5bed2.json with DB info.
2025-06-19 14:36:31,578 [WARNING] \u26a0\ufe0f No DB match for email 'aimandesign98@gmail.com' in 35cf0f704286108deb76366a16415140.json.
2025-06-19 14:36:31,586 [WARNING] \u274c Skipped 35d58f24d7a7701719c983a1ef1979b1.json: No email field found.
2025-06-19 14:36:31,610 [WARNING] \u26a0\ufe0f No DB match for email 'sjoubiti.contact@gmail.com' in 35fa44c247164c5e1683d18000b0a236.json.
2025-06-19 14:36:31,636 [WARNING] \u26a0\ufe0f No DB match for email 'arabihamzaaa@gmail.com' in 3613ef1ee5b75945c042bfb124275a0b.json.
2025-06-19 14:36:31,646 [WARNING] \u274c Skipped 3643a063a3898ec4b50f3576209f23cb.json: No email field found.
2025-06-19 14:36:31,671 [INFO] \u2705 Enriched 36455d3b4aa959a5a5799f2316c06660.json with DB info.
2025-06-19 14:36:31,697 [INFO] \u2705 Enriched 3677481dc67fc92d2347a706e9a64285.json with DB info.
2025-06-19 14:36:31,723 [INFO] \u2705 Enriched 36a1694bce9815b7e38a9dad05ad42e0.json with DB info.
2025-06-19 14:36:31,749 [WARNING] \u26a0\ufe0f No DB match for email 'rajae0275@gmail.com' in 378a063b8fdb1db941e34f4bde584c7d.json.
2025-06-19 14:36:31,779 [INFO] \u2705 Enriched 3798003c3d078a7b4fd1f33843a2e5c0.json with DB info.
2025-06-19 14:36:31,805 [WARNING] \u26a0\ufe0f No DB match for email 'Mouradis42@gmail.com' in 37bc2f75bf1bcfe8450a1a41c200364c.json.
2025-06-19 14:36:31,814 [WARNING] \u274c Skipped 37de71064f5d9561e9c8721237947f7f.json: No email field found.
2025-06-19 14:36:31,838 [INFO] \u2705 Enriched 37f0e884fbad9667e38940169d0a3c95.json with DB info.
2025-06-19 14:36:31,864 [WARNING] \u26a0\ufe0f No DB match for email 'smailfth@gmail.com' in 3837a451cd0abc5ce4069304c5442c87.json.
2025-06-19 14:36:31,889 [INFO] \u2705 Enriched 3883cd645fd2fd862058839841a60f97.json with DB info.
2025-06-19 14:36:31,917 [INFO] \u2705 Enriched 38ca89564b2259401518960f7a06f94b.json with DB info.
2025-06-19 14:36:31,944 [INFO] \u2705 Enriched 39016cfe079db1bfb359ca72fcba3fd8.json with DB info.
2025-06-19 14:36:31,953 [WARNING] \u274c Skipped 39178d7185397ffa063279361b9ab016.json: No email field found.
2025-06-19 14:36:31,982 [INFO] \u2705 Enriched 3948ead63a9f2944218de038d8934305.json with DB info.
2025-06-19 14:36:31,993 [WARNING] \u274c Skipped 398024cb5e21d749d728926a28b19d00.json: No email field found.
2025-06-19 14:36:32,018 [INFO] \u2705 Enriched 398410ece9d7343091093a2a7f8ee381.json with DB info.
2025-06-19 14:36:32,046 [INFO] \u2705 Enriched 3a0772443a0739141292a5429b952fe6.json with DB info.
2025-06-19 14:36:32,072 [INFO] \u2705 Enriched 3a098b02e2d67a733c661fa9bfbe89ec.json with DB info.
2025-06-19 14:36:32,101 [WARNING] \u26a0\ufe0f No DB match for email 'aelgattabi@gmail.com' in 3a0f19df72fef0495c54ced664735a7d.json.
2025-06-19 14:36:32,127 [WARNING] \u26a0\ufe0f No DB match for email 'dahbimoad1@gmail.com' in 3a3ac2ab1c65f0a2dc7087b57062470e.json.
2025-06-19 14:36:32,136 [WARNING] \u274c Skipped 3aaa3db6a8983226601cac5dde15a26b.json: No email field found.
2025-06-19 14:36:32,161 [INFO] \u2705 Enriched 3ac01363eb96084101c0e5ed8be7374a.json with DB info.
2025-06-19 14:36:32,191 [INFO] \u2705 Enriched 3aca6cc84657b8d0b2f42c3821ce0ba6.json with DB info.
2025-06-19 14:36:32,219 [INFO] \u2705 Enriched 3acb2a202ae4bea8840224e6fce16fd0.json with DB info.
2025-06-19 14:36:32,229 [WARNING] \u274c Skipped 3b3dbaf68507998acd6a5a5254ab2d76.json: No email field found.
2025-06-19 14:36:32,254 [INFO] \u2705 Enriched 3b712de48137572f3849aabd5666a4e3.json with DB info.
2025-06-19 14:36:32,282 [INFO] \u2705 Enriched 3b777b775721dfa8d36de2a320a03e53.json with DB info.
2025-06-19 14:36:32,307 [INFO] \u2705 Enriched 3b7cd3a5ad79da7f656f33072ad212fe.json with DB info.
2025-06-19 14:36:32,334 [INFO] \u2705 Enriched 3ba889650589407203d06949bdf6983d.json with DB info.
2025-06-19 14:36:32,361 [WARNING] \u26a0\ufe0f No DB match for email 'souhaibred2000@gmail.com' in 3bc412ad4910c19f6710515540190792.json.
2025-06-19 14:36:32,387 [INFO] \u2705 Enriched 3c8f9a173f749710d6377d3150cf90da.json with DB info.
2025-06-19 14:36:32,414 [INFO] \u2705 Enriched 3cdd0dfecaa8127d1a556f21f96500d7.json with DB info.
2025-06-19 14:36:32,441 [INFO] \u2705 Enriched 3d57fe6de705fec3cecae336ae23a03a.json with DB info.
2025-06-19 14:36:32,466 [INFO] \u2705 Enriched 3d8c34ed1d91e42e80ccda0c6dd0b027.json with DB info.
2025-06-19 14:36:32,492 [INFO] \u2705 Enriched 3d97f1b344219f59ac743f43681a5190.json with DB info.
2025-06-19 14:36:32,518 [INFO] \u2705 Enriched 3dc023ccc7e0bd23ce2d4427756fd03c.json with DB info.
2025-06-19 14:36:32,547 [WARNING] \u26a0\ufe0f No DB match for email 'oulaminhicham0@gmail.com' in 3dcc0806127ac6878b990a079e4f8c77.json.
2025-06-19 14:36:32,574 [INFO] \u2705 Enriched 3dcf44c3136a27a28b3bb27586fd5fc5.json with DB info.
2025-06-19 14:36:32,604 [WARNING] \u26a0\ufe0f No DB match for email 'elhaddaji.iliass@gmail.com' in 3df80af53dce8435cf9ad6c3e7a403fd.json.
2025-06-19 14:36:32,634 [INFO] \u2705 Enriched 3e10f9cfe8030470e507965881025ab8.json with DB info.
2025-06-19 14:36:32,645 [WARNING] \u274c Skipped 3e89ebdb49f712c7d90d1b39e348bbbf.json: No email field found.
2025-06-19 14:36:32,671 [INFO] \u2705 Enriched 3eb71f6293a2a31f3569e10af6552658.json with DB info.
2025-06-19 14:36:32,701 [INFO] \u2705 Enriched 3f13cf4ddf6fc50c0d39a1d5aeb57dd8.json with DB info.
2025-06-19 14:36:32,732 [INFO] \u2705 Enriched 3f504658ddff2e41061b89bdc726a160.json with DB info.
2025-06-19 14:36:32,763 [INFO] \u2705 Enriched 3f53d7190148675e3cd472fc826828c5.json with DB info.
2025-06-19 14:36:32,792 [INFO] \u2705 Enriched 3f7f7794da20d537bf1da2e615ce82e5.json with DB info.
2025-06-19 14:36:32,824 [INFO] \u2705 Enriched 3f9e3767ef3b10a0de4c256d7ef9805d.json with DB info.
2025-06-19 14:36:32,834 [WARNING] \u274c Skipped 3fb451ca2e89b3a13095b059d8705b15.json: No email field found.
2025-06-19 14:36:32,860 [INFO] \u2705 Enriched 3fe230348e9a12c13120749e3f9fa4cd.json with DB info.
2025-06-19 14:36:32,885 [INFO] \u2705 Enriched 402a3083474531ec96e5c6c8a40f5ab6.json with DB info.
2025-06-19 14:36:32,918 [WARNING] \u26a0\ufe0f No DB match for email 'omartaoufik26@gmail.com' in 404a9f61135c5e33d002f3fd97350b8f.json.
2025-06-19 14:36:32,947 [INFO] \u2705 Enriched 40641914166f1cba1d06c020e462ff8e.json with DB info.
2025-06-19 14:36:32,976 [INFO] \u2705 Enriched 40b5f25a228570053bc64a043c3f1833.json with DB info.
2025-06-19 14:36:33,006 [INFO] \u2705 Enriched 40b8498f89a8b101cd6fc6bb690231f9.json with DB info.
2025-06-19 14:36:33,017 [WARNING] \u274c Skipped 40bf82623caded1cd84332d5e3cf4d72.json: No email field found.
2025-06-19 14:36:33,026 [WARNING] \u274c Skipped 40f6992c3c5816a1b42d2612fc26b936.json: No email field found.
2025-06-19 14:36:33,034 [WARNING] \u274c Skipped 41263b9a46f6f8f22668476661614478.json: No email field found.
2025-06-19 14:36:33,068 [WARNING] \u26a0\ufe0f No DB match for email 'Ysf.zahhafi@gmail.com' in 4150d6a4725ff1484640c9d2e458a429.json.
2025-06-19 14:36:33,103 [INFO] \u2705 Enriched 4163634d39ec5b1d3e126f44619243b2.json with DB info.
2025-06-19 14:36:33,136 [WARNING] \u26a0\ufe0f No DB match for email 'EssamlalihibaO0@gmail.com' in 41a60377ba920919939d83326ebee5a1.json.
2025-06-19 14:36:33,171 [INFO] \u2705 Enriched 4271846620d203fd0511c422d483cdbd.json with DB info.
2025-06-19 14:36:33,204 [INFO] \u2705 Enriched 42a7e8017ab9578358f118300f4720fb.json with DB info.
2025-06-19 14:36:33,237 [INFO] \u2705 Enriched 42b1c6a5d2205c2a61dcc08c028e4592.json with DB info.
2025-06-19 14:36:33,269 [WARNING] \u26a0\ufe0f No DB match for email 'bahazzazamine4@gmail.com' in 42d0c639a21482dcd8e1c447efe87e89.json.
2025-06-19 14:36:33,302 [INFO] \u2705 Enriched 42e77b63637ab381e8be5f8318cc28a2.json with DB info.
2025-06-19 14:36:33,335 [WARNING] \u26a0\ufe0f No DB match for email 'sihamsakhi01@gmail.com' in 42e7aaa88b48137a16a1acd04ed91125.json.
2025-06-19 14:36:33,369 [WARNING] \u26a0\ufe0f No DB match for email 'slimaniwafaa@gmail.com' in 42ffcf057e133f94c1b7b5cf543ef3bd.json.
2025-06-19 14:36:33,401 [INFO] \u2705 Enriched 430a27748f3853d3745bda9d32419fef.json with DB info.
2025-06-19 14:36:33,436 [INFO] \u2705 Enriched 432fd02f951f393df1591310e6811118.json with DB info.
2025-06-19 14:36:33,471 [INFO] \u2705 Enriched 4346ad94c2790cac390e684155a2ecba.json with DB info.
2025-06-19 14:36:33,505 [INFO] \u2705 Enriched 437fcf36c72ca2d5d6179539a1eee748.json with DB info.
2025-06-19 14:36:33,538 [INFO] \u2705 Enriched 43a87a86ea9aee0255325e2865d6b503.json with DB info.
2025-06-19 14:36:33,579 [INFO] \u2705 Enriched 43cca4b3de2097b9558efefd0ecc3588.json with DB info.
2025-06-19 14:36:33,611 [INFO] \u2705 Enriched 443dec3062d0286986e21dc0631734c9.json with DB info.
2025-06-19 14:36:33,621 [WARNING] \u274c Skipped 4462bf0ddbe0d0da40e1e828ebebeb11.json: No email field found.
2025-06-19 14:36:33,651 [INFO] \u2705 Enriched 44c4c17332cace2124a1a836d9fc4b6f.json with DB info.
2025-06-19 14:36:33,683 [INFO] \u2705 Enriched 44cd7a8f7f9f85129b9953950665064d.json with DB info.
2025-06-19 14:36:33,718 [INFO] \u2705 Enriched 4511dccbea0a3350d8ff72c7648cd678.json with DB info.
2025-06-19 14:36:33,753 [INFO] \u2705 Enriched 451ee190d0efc1f77c8bcc7238979ac1.json with DB info.
2025-06-19 14:36:33,791 [INFO] \u2705 Enriched 452e91de642a8e9c43121664d5d3c05c.json with DB info.
2025-06-19 14:36:33,834 [WARNING] \u26a0\ufe0f No DB match for email 'anas1@gmail.com' in 4530de238502b5aee3ad8eec65a4a70f.json.
2025-06-19 14:36:33,877 [INFO] \u2705 Enriched 4564e13a85364d6743e38059a8544f34.json with DB info.
2025-06-19 14:36:33,916 [INFO] \u2705 Enriched 4582ef600b4316d72eede3ef78fc77d9.json with DB info.
2025-06-19 14:36:33,928 [WARNING] \u274c Skipped 45b4f8abe6c172cab391e43e1e0e6611.json: No email field found.
2025-06-19 14:36:33,962 [INFO] \u2705 Enriched 45ea3375b621c477ab248d431b7acb87.json with DB info.
2025-06-19 14:36:33,973 [WARNING] \u274c Skipped 45f71a702b70bc7415bcd9fcc790e551.json: No email field found.
2025-06-19 14:36:34,007 [INFO] \u2705 Enriched 466e695c8ce7c0b5cd5c4109d01ad589.json with DB info.
2025-06-19 14:36:34,042 [INFO] \u2705 Enriched 46994a3cd8d943d03b44b8fc9792d435.json with DB info.
2025-06-19 14:36:34,081 [INFO] \u2705 Enriched 4747f5ca63b8e8bd670b26e4b1573961.json with DB info.
2025-06-19 14:36:34,118 [INFO] \u2705 Enriched 47a5feca4ce02883a5643e295c7ce6cd.json with DB info.
2025-06-19 14:36:34,153 [INFO] \u2705 Enriched 47a7f2c033801a8185243e6ca8df5fae.json with DB info.
2025-06-19 14:36:34,191 [INFO] \u2705 Enriched 47ba327b57be22b98eee0e5dc3e14711.json with DB info.
2025-06-19 14:36:34,225 [WARNING] \u26a0\ufe0f No DB match for email 'Brahiim.b@gmail.com' in 47cefde4d32b696264277d017d91875c.json.
2025-06-19 14:36:34,261 [INFO] \u2705 Enriched 47e03d48d5f53f03563daa7f1373fb09.json with DB info.
2025-06-19 14:36:34,298 [INFO] \u2705 Enriched 47e51e9d11cf800ff08674dbb68a48ab.json with DB info.
2025-06-19 14:36:34,309 [WARNING] \u274c Skipped 47f4b6321e9fd8e8f7326a6adc1a7c1e.json: No email field found.
2025-06-19 14:36:34,319 [WARNING] \u274c Skipped 4823b3773a1045c2cc5e857b35e3648b.json: No email field found.
2025-06-19 14:36:34,354 [WARNING] \u26a0\ufe0f No DB match for email 'Ayoub248@gmail.com' in 483101a6bc4e6c46a86222eb65fbcb6a.json.
2025-06-19 14:36:34,365 [WARNING] \u274c Skipped 483d8df877b31405c1e8fe4247f02d86.json: No email field found.
2025-06-19 14:36:34,374 [WARNING] \u274c Skipped 4878de0d788d6042ea4a532742a51fc8.json: No email field found.
2025-06-19 14:36:34,412 [WARNING] \u26a0\ufe0f No DB match for email 'benali.amine.me@gmail.com' in 4883eb035654015a505873cecfb93c1c.json.
2025-06-19 14:36:34,460 [INFO] \u2705 Enriched 48e59000d7dfcf6c1d96ce4a603ed738.json with DB info.
2025-06-19 14:36:34,503 [INFO] \u2705 Enriched 496e05e1aea0a9c4655800e8a7b9ea28.json with DB info.
2025-06-19 14:36:34,544 [INFO] \u2705 Enriched 4974a9fe76a5b447c35ad12a15fa0260.json with DB info.
2025-06-19 14:36:34,583 [INFO] \u2705 Enriched 498f940d9b933c529b06aa96d18f7eda.json with DB info.
2025-06-19 14:36:34,594 [WARNING] \u274c Skipped 49ad23d1ec9fa4bd8d77d02681df5cfa.json: No email field found.
2025-06-19 14:36:34,631 [INFO] \u2705 Enriched 49c3816dd86defa0b8f4f6fa7ff8ef5e.json with DB info.
2025-06-19 14:36:34,670 [INFO] \u2705 Enriched 49e863b146f3b5470ee222ee84669b1c.json with DB info.
2025-06-19 14:36:34,709 [INFO] \u2705 Enriched 49f85a9ed090b20c8bed85a5923c669f.json with DB info.
2025-06-19 14:36:34,746 [INFO] \u2705 Enriched 4a08142c38dbe374195d41c04562d9f8.json with DB info.
2025-06-19 14:36:34,784 [WARNING] \u26a0\ufe0f No DB match for email 'fadwacherqui@gmail.com' in 4a2ddf148c5a9c42151a529e8cbdcc06.json.
2025-06-19 14:36:34,794 [WARNING] \u274c Skipped 4a308d84cdd04aa2015bbe13622d5d7c.json: No email field found.
2025-06-19 14:36:34,830 [INFO] \u2705 Enriched 4a914e5c38172ae9b61780ffbd0b2f90.json with DB info.
2025-06-19 14:36:34,866 [INFO] \u2705 Enriched 4b04a686b0ad13dce35fa99fa4161c65.json with DB info.
2025-06-19 14:36:34,901 [WARNING] \u26a0\ufe0f No DB match for email 'simojilali07@gmail.com' in 4b22a8375108a514ef8340e01c2e1af4.json.
2025-06-19 14:36:34,940 [INFO] \u2705 Enriched 4bcd83a98bc4ee323ec93c0f0e704d04.json with DB info.
2025-06-19 14:36:34,951 [WARNING] \u274c Skipped 4c5bcfec8584af0d967f1ab10179ca4b.json: No email field found.
2025-06-19 14:36:34,986 [INFO] \u2705 Enriched 4d22136ec8f25b566fdd61bc0d5045b4.json with DB info.
2025-06-19 14:36:35,022 [INFO] \u2705 Enriched 4d771504ddcd28037b4199740df767e6.json with DB info.
2025-06-19 14:36:35,033 [WARNING] \u274c Skipped 4e0ccd2b894f717df5ebc12f4282ee70.json: No email field found.
2025-06-19 14:36:35,066 [INFO] \u2705 Enriched 4e4b5fbbbb602b6d35bea8460aa8f8e5.json with DB info.
2025-06-19 14:36:35,100 [INFO] \u2705 Enriched 4ef30115b941a1bcd71ffebb50c69ece.json with DB info.
2025-06-19 14:36:35,139 [INFO] \u2705 Enriched 4f00921114932db3f8662a41b44ee68f.json with DB info.
2025-06-19 14:36:35,173 [WARNING] \u26a0\ufe0f No DB match for email 'massehanas17@gmail.com' in 4f3fcf17644bb65a1732f02d6f10034a.json.
2025-06-19 14:36:35,184 [WARNING] \u274c Skipped 4f6ffe13a5d75b2d6a3923922b3922e5.json: No email field found.
2025-06-19 14:36:35,219 [INFO] \u2705 Enriched 4fa04fbc0b0ce68711f7550ce6113720.json with DB info.
2025-06-19 14:36:35,258 [INFO] \u2705 Enriched 4fa7c62536118cc404dec4a0ca88d4f6.json with DB info.
2025-06-19 14:36:35,291 [INFO] \u2705 Enriched 4fc66104f8ada6257fa55f29a2a567c7.json with DB info.
2025-06-19 14:36:35,330 [WARNING] \u26a0\ufe0f No DB match for email 'salma.elghzaoui@gmail.com' in 4ffce04d92a4d6cb21c1494cdfcd6dc1.json.
2025-06-19 14:36:35,365 [INFO] \u2705 Enriched 500e75a036dc2d7d2fec5da1b71d36cc.json with DB info.
2025-06-19 14:36:35,401 [INFO] \u2705 Enriched 505cceefe22f5a53a5f8d334e8222454.json with DB info.
2025-06-19 14:36:35,438 [INFO] \u2705 Enriched 5103c3584b063c431bd1268e9b5e76fb.json with DB info.
2025-06-19 14:36:35,477 [WARNING] \u26a0\ufe0f No DB match for email 'amineorfi01@gmail.com' in 51681a7c14879f9eca39669df858f75b.json.
2025-06-19 14:36:35,512 [INFO] \u2705 Enriched 519c84155964659375821f7ca576f095.json with DB info.
2025-06-19 14:36:35,547 [INFO] \u2705 Enriched 51a93b1b7421fc7ca001d7793eadb53b.json with DB info.
2025-06-19 14:36:35,582 [INFO] \u2705 Enriched 51efec699670c82f306c1b8251b8a6ae.json with DB info.
2025-06-19 14:36:35,618 [INFO] \u2705 Enriched 520bae6649b42ff5a3c8c58b7fcfc5a9.json with DB info.
2025-06-19 14:36:35,655 [INFO] \u2705 Enriched 527490f08486bf8af2b8d0bf6e73911b.json with DB info.
2025-06-19 14:36:35,691 [INFO] \u2705 Enriched 52af145bae0067bdc52f7363b5a851f4.json with DB info.
2025-06-19 14:36:35,726 [INFO] \u2705 Enriched 52eea859b07495d44fb844cdcecdf239.json with DB info.
2025-06-19 14:36:35,760 [INFO] \u2705 Enriched 5314b9674c86e3f9d1ba25ef9bb32895.json with DB info.
2025-06-19 14:36:35,795 [INFO] \u2705 Enriched 536b08b12d4f3c719bb351eefcf1669f.json with DB info.
2025-06-19 14:36:35,832 [INFO] \u2705 Enriched 53a321a3dd5fec15174c52abc7dca46a.json with DB info.
2025-06-19 14:36:35,866 [INFO] \u2705 Enriched 53adb96c287c3931b3bc41cebb003788.json with DB info.
2025-06-19 14:36:35,900 [INFO] \u2705 Enriched 54a367d629152b720749e187b3eaa11b.json with DB info.
2025-06-19 14:36:35,936 [INFO] \u2705 Enriched 55063089b08df5797d3eebca7c087ed4.json with DB info.
2025-06-19 14:36:35,970 [INFO] \u2705 Enriched 5531a5834816222280f20d1ef9e95f69.json with DB info.
2025-06-19 14:36:36,003 [WARNING] \u26a0\ufe0f No DB match for email 'iliass.majghalli@gmail.com' in 5616060fb8ae85d93f334e7267307664.json.
2025-06-19 14:36:36,039 [WARNING] \u26a0\ufe0f No DB match for email 'youssef.chimi@gmail.com' in 56468d5607a5aaf1604ff5e15593b003.json.
2025-06-19 14:36:36,073 [INFO] \u2705 Enriched 5695dd7bfdf01700983a66a5f2d57698.json with DB info.
2025-06-19 14:36:36,108 [INFO] \u2705 Enriched 56a32ddf374ecd774959be244161cb72.json with DB info.
2025-06-19 14:36:36,139 [INFO] \u2705 Enriched 56f140884852f96cb0fa2c247b378358.json with DB info.
2025-06-19 14:36:36,170 [INFO] \u2705 Enriched 585eb4127afd003bd784f6e8dc132be2.json with DB info.
2025-06-19 14:36:36,201 [INFO] \u2705 Enriched 586406bbb76b6baac45c43a81ec2e35c.json with DB info.
2025-06-19 14:36:36,230 [INFO] \u2705 Enriched 588fdfa645b7f3c260188494bcafa149.json with DB info.
2025-06-19 14:36:36,262 [INFO] \u2705 Enriched 5898493fbdf4a44a24084021b2215f85.json with DB info.
2025-06-19 14:36:36,272 [WARNING] \u274c Skipped 58ab5c05ec8dfa3e35a22dfe717da10e.json: No email field found.
2025-06-19 14:36:36,303 [WARNING] \u26a0\ufe0f No DB match for email 'aminerakichi@gmail.com' in 58c1dbad4977b4c106bca8015477757e.json.
2025-06-19 14:36:36,336 [INFO] \u2705 Enriched 58e4d44e550d0f7ee0a23d6b02d9b0db.json with DB info.
2025-06-19 14:36:36,368 [INFO] \u2705 Enriched 59186584039c18248c1c4244e7305050.json with DB info.
2025-06-19 14:36:36,398 [INFO] \u2705 Enriched 5934c1ec0cd31e12bd9084d106bc2e32.json with DB info.
2025-06-19 14:36:36,431 [INFO] \u2705 Enriched 59532cbbc31efd88a06ac63d294279db.json with DB info.
2025-06-19 14:36:36,466 [INFO] \u2705 Enriched 597073e68fcefaa6bdf39ca6b399c28c.json with DB info.
2025-06-19 14:36:36,497 [INFO] \u2705 Enriched 5989623d658b2227cb4e6758437704ac.json with DB info.
2025-06-19 14:36:36,507 [WARNING] \u274c Skipped 59b90e1005a220e2ebc542eb9d950b1e.json: No email field found.
2025-06-19 14:36:36,537 [INFO] \u2705 Enriched 5a0c828364dbf6dd406139dab7b25398.json with DB info.
2025-06-19 14:36:36,570 [INFO] \u2705 Enriched 5a45d7bae2d4d07061d3e882475b049b.json with DB info.
2025-06-19 14:36:36,603 [INFO] \u2705 Enriched 5a52499520e1a57cf6daa1dd645fc85c.json with DB info.
2025-06-19 14:36:36,636 [WARNING] \u26a0\ufe0f No DB match for email 'Zabder439@gmail.com' in 5ad2c993fa4f162c255867250267de48.json.
2025-06-19 14:36:36,668 [INFO] \u2705 Enriched 5ad4f73ea28ca73f8fe529067b237db1.json with DB info.
2025-06-19 14:36:36,699 [INFO] \u2705 Enriched 5ae81daa87d6649df09002741e5b1738.json with DB info.
2025-06-19 14:36:36,733 [WARNING] \u26a0\ufe0f No DB match for email 'wnatich@gmail.com' in 5b5c2e6aacc6ceb83ee96e328e591aea.json.
2025-06-19 14:36:36,764 [INFO] \u2705 Enriched 5b7d718b0db551bd2f9ca025f8bb15e0.json with DB info.
2025-06-19 14:36:36,797 [INFO] \u2705 Enriched 5b9373fc169106c43c99cfae04989986.json with DB info.
2025-06-19 14:36:36,809 [WARNING] \u274c Skipped 5ba560e450ca899ff7f25d00077c3fff.json: No email field found.
2025-06-19 14:36:36,839 [INFO] \u2705 Enriched 5c528e25e1fdeaf9d8160dc24dbf4d60.json with DB info.
2025-06-19 14:36:36,873 [INFO] \u2705 Enriched 5c9452254bccd24b8ad0bb1ab4408ad1.json with DB info.
2025-06-19 14:36:36,916 [INFO] \u2705 Enriched 5cbdfd0dfa22a3fca7266376887f549b.json with DB info.
2025-06-19 14:36:36,947 [INFO] \u2705 Enriched 5cd5058bca53951ffa7801bcdf421651.json with DB info.
2025-06-19 14:36:36,958 [WARNING] \u274c Skipped 5e056558ced8fa424facc20b1ba2369c.json: No email field found.
2025-06-19 14:36:36,993 [INFO] \u2705 Enriched 5ea1649a31336092c05438df996a3e59.json with DB info.
2025-06-19 14:36:37,025 [WARNING] \u26a0\ufe0f No DB match for email 'younesziary@gmail.com' in 5eac43aceba42c8757b54003a58277b5.json.
2025-06-19 14:36:37,058 [INFO] \u2705 Enriched 5ef059938ba799aaa845e1c2e8a762bd.json with DB info.
2025-06-19 14:36:37,092 [INFO] \u2705 Enriched 5fc31084408a07f4170a4109991b558b.json with DB info.
2025-06-19 14:36:37,126 [INFO] \u2705 Enriched 5fd7cbbc45010f147c06926c44aff0b7.json with DB info.
2025-06-19 14:36:37,137 [WARNING] \u274c Skipped 607f706d7e242fd9044d5639d900591a.json: No email field found.
2025-06-19 14:36:37,171 [INFO] \u2705 Enriched 6120d42c7249acb7b2cfcf020bf7ab75.json with DB info.
2025-06-19 14:36:37,203 [INFO] \u2705 Enriched 614f4f0d8a780ed18742f0193cd31af4.json with DB info.
2025-06-19 14:36:37,239 [WARNING] \u26a0\ufe0f No DB match for email 'wz.arsyoussef@gmail.com' in 61c0bc869c02703fe2244a64cf2860d9.json.
2025-06-19 14:36:37,249 [WARNING] \u274c Skipped 61d8a70e99aa97296b03374304e090c5.json: No email field found.
2025-06-19 14:36:37,281 [INFO] \u2705 Enriched 62889e73828c756c961c5a6d6c01a463.json with DB info.
2025-06-19 14:36:37,315 [INFO] \u2705 Enriched 6351bf9dce654515bf1ddbd6426dfa97.json with DB info.
2025-06-19 14:36:37,350 [INFO] \u2705 Enriched 63ceea56ae1563b4477506246829b386.json with DB info.
2025-06-19 14:36:37,398 [INFO] \u2705 Enriched 63e3ba7e452774bd2399f738f09c9f59.json with DB info.
2025-06-19 14:36:37,442 [INFO] \u2705 Enriched 63e6bc520edcbaa95446b5690d989f30.json with DB info.
2025-06-19 14:36:37,489 [WARNING] \u26a0\ufe0f No DB match for email 'ranaelkarimi1@gmail.com' in 63ea2c642aaee001d818604fe1d9a811.json.
2025-06-19 14:36:37,528 [INFO] \u2705 Enriched 6412fe12d3b2f5591d7cc7f6121a8a01.json with DB info.
2025-06-19 14:36:37,566 [WARNING] \u26a0\ufe0f No DB match for email 'leila2001laila@gmail.com' in 645098b086d2f9e1e0e939c27f9f2d6f.json.
2025-06-19 14:36:37,603 [WARNING] \u26a0\ufe0f No DB match for email 'sadikfattah5@gmail.com' in 646c9941d7fb1bc793a7929328ae3f2f.json.
2025-06-19 14:36:37,625 [WARNING] \u274c Skipped 647a8664e3a3d945c87db2d07a6590c1.json: No email field found.
2025-06-19 14:36:37,669 [INFO] \u2705 Enriched 647c4a3fb8adf93fe1fd2d8f9e7f84e1.json with DB info.
2025-06-19 14:36:37,711 [WARNING] \u26a0\ufe0f No DB match for email 'kasmisaifeddine@gmail.com' in 6490791e7abf6b29a381288cc23a8223.json.
2025-06-19 14:36:37,759 [INFO] \u2705 Enriched 6492d38d732122c58b44e3fdc3e9e9f3.json with DB info.
2025-06-19 14:36:37,810 [INFO] \u2705 Enriched 64de166633d61c8326232568b42beef1.json with DB info.
2025-06-19 14:36:37,867 [INFO] \u2705 Enriched 6512bd43d9caa6e02c990b0a82652dca.json with DB info.
2025-06-19 14:36:37,912 [WARNING] \u26a0\ufe0f No DB match for email 'moubdiyasine@gmail.com' in 65184321c340b4d56581ee59b58d9d56.json.
2025-06-19 14:36:37,925 [WARNING] \u274c Skipped 6524341b411c77cdbd9dbc15f522c7b3.json: No email field found.
2025-06-19 14:36:37,974 [INFO] \u2705 Enriched 65a579da11fa712149bca347ecfcb208.json with DB info.
2025-06-19 14:36:38,035 [WARNING] \u26a0\ufe0f No DB match for email 'salmami797@gmail.com' in 65f4086dbc18fa214f5a7a49bf55b981.json.
2025-06-19 14:36:38,103 [WARNING] \u26a0\ufe0f No DB match for email 'tbihmoutine@gmail.com' in 6644cb08d30b2ca55c284344a9750c2e.json.
2025-06-19 14:36:38,159 [INFO] \u2705 Enriched 668f33215f65faf17f6f7f1d7f4b5fc8.json with DB info.
2025-06-19 14:36:38,217 [INFO] \u2705 Enriched 66be31e4c40d676991f2405aaecc6934.json with DB info.
2025-06-19 14:36:38,276 [INFO] \u2705 Enriched 671f0311e2754fcdd37f70a8550379bc.json with DB info.
2025-06-19 14:36:38,291 [WARNING] \u274c Skipped 672cf3025399742b1a047c8dc6b1e992.json: No email field found.
2025-06-19 14:36:38,339 [INFO] \u2705 Enriched 674e68d7f978c31eafc8e7a300ce9bc2.json with DB info.
2025-06-19 14:36:38,385 [INFO] \u2705 Enriched 6770b3cd18521ccaea7cac4b42b2ee5f.json with DB info.
2025-06-19 14:36:38,430 [INFO] \u2705 Enriched 678a1491514b7f1006d605e9161946b1.json with DB info.
2025-06-19 14:36:38,473 [INFO] \u2705 Enriched 67adf2b28a9bca8c22616cadac7b6b84.json with DB info.
2025-06-19 14:36:38,515 [INFO] \u2705 Enriched 67fc57486b0fa4d0870568426f32171e.json with DB info.
2025-06-19 14:36:38,567 [INFO] \u2705 Enriched 68148596109e38cf9367d27875e185be.json with DB info.
2025-06-19 14:36:38,580 [WARNING] \u274c Skipped 683c46992e4642f7cf7ea1dc7db4f93a.json: No email field found.
2025-06-19 14:36:38,618 [WARNING] \u26a0\ufe0f No DB match for email 'storerakarts@gmail.com' in 68d30a9594728bc39aa24be94b319d21.json.
2025-06-19 14:36:38,660 [INFO] \u2705 Enriched 68ff0c6ee845a28a756d3f8cf4e2a537.json with DB info.
2025-06-19 14:36:38,700 [INFO] \u2705 Enriched 6967a5fb05106806a40c6917a18023df.json with DB info.
2025-06-19 14:36:38,742 [INFO] \u2705 Enriched 6968240043185f65f22097299b865f6b.json with DB info.
2025-06-19 14:36:38,782 [INFO] \u2705 Enriched 69961657077e0093ed761aa01916c5ff.json with DB info.
2025-06-19 14:36:38,819 [INFO] \u2705 Enriched 6a130f1dc6f0c829f874e92e5458dced.json with DB info.
2025-06-19 14:36:38,862 [INFO] \u2705 Enriched 6a80e309f1922a25cb00ebcbabc017ae.json with DB info.
2025-06-19 14:36:38,903 [INFO] \u2705 Enriched 6a9edcb7b63821802aa44d35d531c9fc.json with DB info.
2025-06-19 14:36:38,940 [INFO] \u2705 Enriched 6b5617315c9ac918215fc7514bef514b.json with DB info.
2025-06-19 14:36:38,980 [INFO] \u2705 Enriched 6bfe6de4ebb6ce650cdcf4322e63dee4.json with DB info.
2025-06-19 14:36:39,017 [INFO] \u2705 Enriched 6c11cb78b7bbb5c22d5f5271b5494381.json with DB info.
2025-06-19 14:36:39,054 [INFO] \u2705 Enriched 6c1da886822c67822bcf3679d04369fa.json with DB info.
2025-06-19 14:36:39,090 [INFO] \u2705 Enriched 6c2fdcf862a752ca2c9e49866a05e1df.json with DB info.
2025-06-19 14:36:39,127 [INFO] \u2705 Enriched 6c8dba7d0df1c4a79dd07646be9a26c8.json with DB info.
2025-06-19 14:36:39,163 [INFO] \u2705 Enriched 6d70cb65d15211726dcce4c0e971e21c.json with DB info.
2025-06-19 14:36:39,199 [INFO] \u2705 Enriched 6dd4e10e3296fa63738371ec0d5df818.json with DB info.
2025-06-19 14:36:39,210 [WARNING] \u274c Skipped 6e171103e852992b0d83f35dbb0d358e.json: No email field found.
2025-06-19 14:36:39,244 [INFO] \u2705 Enriched 6e334169a5325adca8aec592cd14edd9.json with DB info.
2025-06-19 14:36:39,279 [INFO] \u2705 Enriched 6e7d2da6d3953058db75714ac400b584.json with DB info.
2025-06-19 14:36:39,293 [WARNING] \u274c Skipped 6ea9ab1baa0efb9e19094440c317e21b.json: No email field found.
2025-06-19 14:36:39,325 [WARNING] \u26a0\ufe0f No DB match for email 'issamuxui@gmail.com' in 6eb6e75fddec0218351dc5c0c8464104.json.
2025-06-19 14:36:39,362 [WARNING] \u26a0\ufe0f No DB match for email 'oussamaadardour7@gmail.com' in 6ed459ea169d96c38c7167d4cf471013.json.
2025-06-19 14:36:39,396 [INFO] \u2705 Enriched 6ee69d3769e832ec77c9584e0b7ba112.json with DB info.
2025-06-19 14:36:39,430 [WARNING] \u26a0\ufe0f No DB match for email 'abdellah.bouzaroual97@gmail.com' in 6f5216f8d89b086c18298e043bfe48ed.json.
2025-06-19 14:36:39,443 [WARNING] \u274c Skipped 6fdf8aeb15cf3b343dcfc6d1b5f09b85.json: No email field found.
2025-06-19 14:36:39,476 [WARNING] \u26a0\ufe0f No DB match for email 'hansaryaymane@gmail.com' in 705f2172834666788607efbfca35afb3.json.
2025-06-19 14:36:39,510 [INFO] \u2705 Enriched 709491516820c9f43b1249622a98a2fa.json with DB info.
2025-06-19 14:36:39,544 [INFO] \u2705 Enriched 70bb83c9272e6c4bc6e83e0a55c7c9c3.json with DB info.
2025-06-19 14:36:39,580 [WARNING] \u26a0\ufe0f No DB match for email 'mohamedbabachekh@gmail.com' in 70e9dbe24ba303f2d25ac34d3ae945c5.json.
2025-06-19 14:36:39,614 [INFO] \u2705 Enriched 713f96370f69fb23e3387062bc914719.json with DB info.
2025-06-19 14:36:39,649 [INFO] \u2705 Enriched 715f390c232030c410b5ff0aa1034a1c.json with DB info.
2025-06-19 14:36:39,683 [INFO] \u2705 Enriched 71af59614c8b42af334933e9261e53be.json with DB info.
2025-06-19 14:36:39,715 [INFO] \u2705 Enriched 71f538c5db462f9bf1c7a8521c622c41.json with DB info.
2025-06-19 14:36:39,741 [WARNING] \u26a0\ufe0f No DB match for email 'loukilinouh12@gmail.com' in 723e8f97fde15f7a8d5ff8d558ea3f16.json.
2025-06-19 14:36:39,776 [INFO] \u2705 Enriched 7250eb93b3c18cc9daa29cf58af7a004.json with DB info.
2025-06-19 14:36:39,810 [WARNING] \u26a0\ufe0f No DB match for email 'mohamedmoncefakra1@gmail.com' in 726bd18c52afc248015dcdbc463c6f85.json.
2025-06-19 14:36:39,844 [INFO] \u2705 Enriched 731b03008e834f92a03085ef47061c4a.json with DB info.
2025-06-19 14:36:39,881 [INFO] \u2705 Enriched 737eb13c7593133a06c7ac5b90d15d2a.json with DB info.
2025-06-19 14:36:39,915 [INFO] \u2705 Enriched 73d02e4344f71a0b0d51a925246990e7.json with DB info.
2025-06-19 14:36:39,953 [INFO] \u2705 Enriched 73eae46e2ba0a8705e9c75ca5720f3b5.json with DB info.
2025-06-19 14:36:39,986 [INFO] \u2705 Enriched 7467fc45e24ec8d8b9023385c2a6066d.json with DB info.
2025-06-19 14:36:40,022 [INFO] \u2705 Enriched 748ba69d3e8d1af87f84fee909eef339.json with DB info.
2025-06-19 14:36:40,059 [INFO] \u2705 Enriched 74af29e4a58ef5b90a184d5264d47342.json with DB info.
2025-06-19 14:36:40,093 [INFO] \u2705 Enriched 74d2b98d66f5e375d2ee3a7d9e4e1354.json with DB info.
2025-06-19 14:36:40,104 [WARNING] \u274c Skipped 74d3b2328adadbd5c9740b050d0a333c.json: No email field found.
2025-06-19 14:36:40,116 [WARNING] \u274c Skipped 74dbd1111727a31a2b825d615d80b2e7.json: No email field found.
2025-06-19 14:36:40,147 [INFO] \u2705 Enriched 7551e734ecfa518db7c1e6175abe5bfb.json with DB info.
2025-06-19 14:36:40,180 [INFO] \u2705 Enriched 757b505cfd34c64c85ca5b5690ee5293.json with DB info.
2025-06-19 14:36:40,214 [INFO] \u2705 Enriched 757c26bb260eb37f9ba86bf463117fa3.json with DB info.
2025-06-19 14:36:40,248 [INFO] \u2705 Enriched 757f843a169cc678064d9530d12a1881.json with DB info.
2025-06-19 14:36:40,281 [INFO] \u2705 Enriched 76330c26dea62332de2ca7b4a9ef51ec.json with DB info.
2025-06-19 14:36:40,312 [INFO] \u2705 Enriched 7658d0dd31ff8ec12a3933f064e000a1.json with DB info.
2025-06-19 14:36:40,342 [WARNING] \u26a0\ufe0f No DB match for email 'airiryassin31@gmail.com' in 76bba5ee241042431796c97a92e64f5d.json.
2025-06-19 14:36:40,374 [INFO] \u2705 Enriched 76d4110e944e83212bafa4b11ebf2b7e.json with DB info.
2025-06-19 14:36:40,419 [WARNING] \u26a0\ufe0f No DB match for email 'ahnnaouyouness25@gmail.com' in 76fabdc82dd649afd7efa2d6894e568d.json.
2025-06-19 14:36:40,465 [INFO] \u2705 Enriched 773de9ea713363557c90891deddea6c8.json with DB info.
2025-06-19 14:36:40,497 [INFO] \u2705 Enriched 776af9671dbfa3ac15c6e0711001bdea.json with DB info.
2025-06-19 14:36:40,531 [WARNING] \u26a0\ufe0f No DB match for email 'elmahdaouyrida007@gmail.com' in 77b917da760ab9aeca583fd0bb0e1c67.json.
2025-06-19 14:36:40,565 [INFO] \u2705 Enriched 7854d49ba2f35c970603fbe7b70364f9.json with DB info.
2025-06-19 14:36:40,599 [INFO] \u2705 Enriched 785cf0a5def4977e0210f07e0f925fa1.json with DB info.
2025-06-19 14:36:40,611 [WARNING] \u274c Skipped 7914e34007ebdcbcdfedfb12508d4f01.json: No email field found.
2025-06-19 14:36:40,645 [INFO] \u2705 Enriched 798cfc169a66eb10aa814f8a45d5ef42.json with DB info.
2025-06-19 14:36:40,674 [INFO] \u2705 Enriched 79f53927eb6603ae6c54b55ff7a39803.json with DB info.
2025-06-19 14:36:40,707 [INFO] \u2705 Enriched 7a47f991e304fd013ba300505eb42fd7.json with DB info.
2025-06-19 14:36:40,738 [INFO] \u2705 Enriched 7af6266cc52234b5aa339b16695f7fc4.json with DB info.
2025-06-19 14:36:40,761 [INFO] \u2705 Enriched 7b1ce3d73b70f1a7246e7b76a35fb552.json with DB info.
2025-06-19 14:36:40,794 [INFO] \u2705 Enriched 7b5b23f4aadf9513306bcd59afb6e4c9.json with DB info.
2025-06-19 14:36:40,832 [INFO] \u2705 Enriched 7b86f36d139d8581d4b5a4f155ba431c.json with DB info.
2025-06-19 14:36:40,879 [WARNING] \u26a0\ufe0f No DB match for email 'abdelilahelaribi@gmail.com' in 7bccfde7714a1ebadf06c5f4cea752c1.json.
2025-06-19 14:36:40,895 [WARNING] \u274c Skipped 7c016509737f407f177ab479a607fdab.json: No email field found.
2025-06-19 14:36:40,958 [INFO] \u2705 Enriched 7c6f8dba4a02404f97b5953d2c4172a7.json with DB info.
2025-06-19 14:36:40,980 [WARNING] \u274c Skipped 7c82fab8c8f89124e2ce92984e04fb40.json: No email field found.
2025-06-19 14:36:41,001 [WARNING] \u274c Skipped 7c9966afcc510cf5a40621d1d92bdaf1.json: No email field found.
2025-06-19 14:36:41,065 [WARNING] \u26a0\ufe0f No DB match for email 'adnanesmimite@gmail.com' in 7cac11e2f46ed46c339ec3d569853759.json.
2025-06-19 14:36:41,144 [INFO] \u2705 Enriched 7cb1f2f2baf6ab2ae929ad8cb88d6210.json with DB info.
2025-06-19 14:36:41,204 [INFO] \u2705 Enriched 7ce96e616cfd1a5caa4127a0ce4bd7fd.json with DB info.
2025-06-19 14:36:41,249 [WARNING] \u26a0\ufe0f No DB match for email 'habiballahmohamed373@gmail.com' in 7d288f69a0110ea0add97ae01491e752.json.
2025-06-19 14:36:41,290 [INFO] \u2705 Enriched 7d787bb950167c81630d2f1256eec848.json with DB info.
2025-06-19 14:36:41,333 [WARNING] \u26a0\ufe0f No DB match for email 'c76@gmail.com' in 7d9d329731cad1688ade8b557b74c68c.json.
2025-06-19 14:36:41,374 [INFO] \u2705 Enriched 7da9de56f480e009b5e9f18b279859d7.json with DB info.
2025-06-19 14:36:41,415 [INFO] \u2705 Enriched 7e230522657ecdc50e4249581b861f8e.json with DB info.
2025-06-19 14:36:41,464 [WARNING] \u26a0\ufe0f No DB match for email 'Abdenour.zyane@gmail.com' in 7e67622685947b49f374229b83be6cd6.json.
2025-06-19 14:36:41,510 [INFO] \u2705 Enriched 7eacb532570ff6858afd2723755ff790.json with DB info.
2025-06-19 14:36:41,561 [INFO] \u2705 Enriched 7f1171a78ce0780a2142a6eb7bc4f3c8.json with DB info.
2025-06-19 14:36:41,626 [WARNING] \u26a0\ufe0f No DB match for email 'abdoasba@gmail.com' in 7f2111cbef86a223862e0fdd2577705c.json.
2025-06-19 14:36:41,679 [WARNING] \u26a0\ufe0f No DB match for email 'Basmabe41@gmail.com' in 7fc0e8de9ce1ab7d9b6c435a08a8b0d9.json.
2025-06-19 14:36:41,693 [WARNING] \u274c Skipped 7fe1f8abaad094e0b5cb1b01d712f708.json: No email field found.
2025-06-19 14:36:41,746 [WARNING] \u26a0\ufe0f No DB match for email 'Abdellahw37@gmail.com' in 7fec306d1e665bc9c748b5d2b99a6e97.json.
2025-06-19 14:36:41,803 [INFO] \u2705 Enriched 811be42d722f824eb6cb90ab95ef9e21.json with DB info.
2025-06-19 14:36:41,860 [WARNING] \u26a0\ufe0f No DB match for email 'walidoufi@gmail.com' in 812b4ba287f5ee0bc9d43bbf5bbe87fb.json.
2025-06-19 14:36:41,914 [INFO] \u2705 Enriched 81e4fe932e45bbbc10cfce7ffb67162e.json with DB info.
2025-06-19 14:36:41,929 [WARNING] \u274c Skipped 8232e119d8f59aa83050a741631803a6.json: No email field found.
2025-06-19 14:36:41,941 [WARNING] \u274c Skipped 82680bfec0fa08346c1b10d30a3e3d4a.json: No email field found.
2025-06-19 14:36:41,990 [WARNING] \u26a0\ufe0f No DB match for email 'moksit.abdelhakim@gmail.com' in 831da40e5907987235ebe5616446e083.json.
2025-06-19 14:36:42,005 [WARNING] \u274c Skipped 832688ff5af6c6dfef974773740ef2b5.json: No email field found.
2025-06-19 14:36:42,063 [INFO] \u2705 Enriched 835bafd2c534a1830c0590774285ff88.json with DB info.
2025-06-19 14:36:42,120 [INFO] \u2705 Enriched 8386fa112ba70c3f60b6907d3812bb9e.json with DB info.
2025-06-19 14:36:42,173 [INFO] \u2705 Enriched 841b60e20ff680b0d59aa9d6902fe289.json with DB info.
2025-06-19 14:36:42,254 [WARNING] \u26a0\ufe0f No DB match for email 'brahimoulhaj17@gmail.com' in 842746dc8d98352c8c07b066d4554e7f.json.
2025-06-19 14:36:42,309 [INFO] \u2705 Enriched 84a529a92de322be42dd3365afd54f91.json with DB info.
2025-06-19 14:36:42,357 [INFO] \u2705 Enriched 84b069ebd287d467cb7fd26e53c6a0c9.json with DB info.
2025-06-19 14:36:42,402 [INFO] \u2705 Enriched 84c4f0b0bf96a0cd9082433e88811703.json with DB info.
2025-06-19 14:36:42,416 [WARNING] \u274c Skipped 84d2004bf28a2095230e8e14993d398d.json: No email field found.
2025-06-19 14:36:42,460 [INFO] \u2705 Enriched 853b722222dd0e45a9f94f2c799c949d.json with DB info.
2025-06-19 14:36:42,504 [INFO] \u2705 Enriched 854d9fca60b4bd07f9bb215d59ef5561.json with DB info.
2025-06-19 14:36:42,547 [INFO] \u2705 Enriched 8571ddcc1c64ca1fa11891d899cab05d.json with DB info.
2025-06-19 14:36:42,590 [INFO] \u2705 Enriched 85c4ef2f7a943600c97b5903247567b7.json with DB info.
2025-06-19 14:36:42,633 [INFO] \u2705 Enriched 85f007f8c50dd25f5a45fca73cad64bd.json with DB info.
2025-06-19 14:36:42,675 [INFO] \u2705 Enriched 860320be12a1c050cd7731794e231bd3.json with DB info.
2025-06-19 14:36:42,687 [WARNING] \u274c Skipped 86158a6b3924670a32dad65bbc41bd95.json: No email field found.
2025-06-19 14:36:42,727 [INFO] \u2705 Enriched 865e434f7f48e0e93f69cbb938b06809.json with DB info.
2025-06-19 14:36:42,740 [WARNING] \u274c Skipped 866c7ee013c58f01fa153a8d32c9ed57.json: No email field found.
2025-06-19 14:36:42,778 [INFO] \u2705 Enriched 867079fcaff2dfddeb29ca1f27853ef7.json with DB info.
2025-06-19 14:36:42,819 [INFO] \u2705 Enriched 86df7dcfd896fcaf2674f757a2463eba.json with DB info.
2025-06-19 14:36:42,861 [WARNING] \u26a0\ufe0f No DB match for email 'connect.theblm@gmail.com' in 878d5691c824ee2aaf770f7d36c151d6.json.
2025-06-19 14:36:42,903 [INFO] \u2705 Enriched 88a839f2f6f1427879fc33ee4acf4f66.json with DB info.
2025-06-19 14:36:42,942 [WARNING] \u26a0\ufe0f No DB match for email 'moncef.bekkas@gmail.com' in 89f0fd5c927d466d6ec9a21b9ac34ffa.json.
2025-06-19 14:36:42,981 [INFO] \u2705 Enriched 89f3c33175c57115408f4fd8a8557751.json with DB info.
2025-06-19 14:36:43,021 [INFO] \u2705 Enriched 8ad3c1db0f3411d9825cb088de789857.json with DB info.
2025-06-19 14:36:43,035 [WARNING] \u274c Skipped 8af95fe2ab1a54b488ef8efb3f3b0797.json: No email field found.
2025-06-19 14:36:43,045 [WARNING] \u274c Skipped 8b0dc65f996f98fd178a9defd0efa077.json: No email field found.
2025-06-19 14:36:43,081 [INFO] \u2705 Enriched 8b1c998cf6efb43824bbab2d8c9b078b.json with DB info.
2025-06-19 14:36:43,121 [INFO] \u2705 Enriched 8bd045c0275185605e58d7fec40ecae6.json with DB info.
2025-06-19 14:36:43,158 [INFO] \u2705 Enriched 8bff390dadc80bbeca7bc73193de2355.json with DB info.
2025-06-19 14:36:43,169 [WARNING] \u274c Skipped 8c249675aea6c3cbd91661bbae767ff1.json: No email field found.
2025-06-19 14:36:43,204 [WARNING] \u26a0\ufe0f No DB match for email 'salim.wail7798@gmail.com' in 8cb22bdd0b7ba1ab13d742e22eed8da2.json.
2025-06-19 14:36:43,244 [WARNING] \u26a0\ufe0f No DB match for email 'abdelwahidi@gmail.com' in 8d373a5f49b37b82596aaaadb567e6ff.json.
2025-06-19 14:36:43,280 [INFO] \u2705 Enriched 8d9d4a6ada2203326292becd8a961dc9.json with DB info.
2025-06-19 14:36:43,317 [INFO] \u2705 Enriched 8dacd3d8b9d2cd20eb244b5f745ea88e.json with DB info.
2025-06-19 14:36:43,356 [INFO] \u2705 Enriched 8e1da93be98c91053ef56a0d7b9e3f9c.json with DB info.
2025-06-19 14:36:43,391 [INFO] \u2705 Enriched 8e5374203123a2502404dbd7ea19862d.json with DB info.
2025-06-19 14:36:43,426 [INFO] \u2705 Enriched 8e60cfb63ef8bedd98f6868c6accf1c2.json with DB info.
2025-06-19 14:36:43,462 [WARNING] \u26a0\ufe0f No DB match for email 'hajaretkamri000@gmail.com' in 8ea4058893eee96e3c4975d904d1c6bb.json.
2025-06-19 14:36:43,499 [WARNING] \u26a0\ufe0f No DB match for email 'Drissinfo82@gmail.com' in 8ee7730e97c67473a424ccfeff49ab20.json.
2025-06-19 14:36:43,534 [INFO] \u2705 Enriched 8f4d94fa779cb6b74225a9e26c700a39.json with DB info.
2025-06-19 14:36:43,571 [INFO] \u2705 Enriched 90a82bf94b4c5981e7e68ff425e519f3.json with DB info.
2025-06-19 14:36:43,609 [WARNING] \u26a0\ufe0f No DB match for email 'younes.khouna00@gmail.com' in 9232965e399095e0ef458a3325ba5382.json.
2025-06-19 14:36:43,644 [INFO] \u2705 Enriched 9246444d94f081e3549803b928260f56.json with DB info.
2025-06-19 14:36:43,659 [WARNING] \u274c Skipped 92977ae4d2ba21425a59afb269c2a14e.json: No email field found.
2025-06-19 14:36:43,694 [INFO] \u2705 Enriched 92d1e1eb1cd6f9fba3227870bb6d7f07.json with DB info.
2025-06-19 14:36:43,705 [WARNING] \u274c Skipped 934535dc581e59cf47d5121fb1fe4186.json: No email field found.
2025-06-19 14:36:43,738 [INFO] \u2705 Enriched 9375084629cd055e6b819053bc9714de.json with DB info.
2025-06-19 14:36:43,772 [INFO] \u2705 Enriched 93b71ff0836bb95466a9de7aaa34de09.json with DB info.
2025-06-19 14:36:43,806 [INFO] \u2705 Enriched 93fb39474c51b8a82a68413e2a5ae17a.json with DB info.
2025-06-19 14:36:43,817 [WARNING] \u274c Skipped 94263e205faec4311b1859acceeafe26.json: No email field found.
2025-06-19 14:36:43,841 [INFO] \u2705 Enriched 94bd3f4d79c60af8831740e58a68dd6e.json with DB info.
2025-06-19 14:36:43,880 [INFO] \u2705 Enriched 94f6d7e04a4d452035300f18b984988c.json with DB info.
2025-06-19 14:36:43,891 [WARNING] \u274c Skipped 94f79e7c90b87514a07c47bdc5498262.json: No email field found.
2025-06-19 14:36:43,921 [INFO] \u2705 Enriched 951124d4a093eeae83d9726a20295498.json with DB info.
2025-06-19 14:36:43,952 [INFO] \u2705 Enriched 952285b9b7e7a1be5aa7849f32ffff05.json with DB info.
2025-06-19 14:36:43,984 [INFO] \u2705 Enriched 958adb57686c2fdec5796398de5f317a.json with DB info.
2025-06-19 14:36:44,017 [WARNING] \u26a0\ufe0f No DB match for email 'yassinechabab2001@gmail.com' in 95b431e51fc53692913da5263c214162.json.
2025-06-19 14:36:44,048 [INFO] \u2705 Enriched 966eaa9527eb956f0dc8788132986707.json with DB info.
2025-06-19 14:36:44,080 [INFO] \u2705 Enriched 96bcb45a6e30b2b3381934344b10a7ce.json with DB info.
2025-06-19 14:36:44,112 [INFO] \u2705 Enriched 96c5c28becf18e71190460a9955aa4d8.json with DB info.
2025-06-19 14:36:44,123 [WARNING] \u274c Skipped 970af30e481057c48f87e101b61e6994.json: No email field found.
2025-06-19 14:36:44,153 [INFO] \u2705 Enriched 9739efc4f01292e764c86caa59af353e.json with DB info.
2025-06-19 14:36:44,184 [INFO] \u2705 Enriched 973a5f0ccbc4ee3524ccf035d35b284b.json with DB info.
2025-06-19 14:36:44,215 [INFO] \u2705 Enriched 97416ac0f58056947e2eb5d5d253d4f2.json with DB info.
2025-06-19 14:36:44,248 [INFO] \u2705 Enriched 9766527f2b5d3e95d4a733fcfb77bd7e.json with DB info.
2025-06-19 14:36:44,283 [INFO] \u2705 Enriched 9773d3352e206fef3df91b8757d63b67.json with DB info.
2025-06-19 14:36:44,318 [WARNING] \u26a0\ufe0f No DB match for email 'webmapping.pro@gmail.com' in 977f8b33d303564416bf9f4ab1c39720.json.
2025-06-19 14:36:44,363 [INFO] \u2705 Enriched 979a659fe9f4cc5f2dfef047b5da50ab.json with DB info.
2025-06-19 14:36:44,376 [WARNING] \u274c Skipped 97d0145823aeb8ed80617be62e08bdcc.json: No email field found.
2025-06-19 14:36:44,414 [INFO] \u2705 Enriched 980ecd059122ce2e50136bda65c25e07.json with DB info.
2025-06-19 14:36:44,456 [INFO] \u2705 Enriched 981a3d9d46123dc4231e4cc3a718362c.json with DB info.
2025-06-19 14:36:44,518 [INFO] \u2705 Enriched 98795443cdbf0375dd946728e2f4e51a.json with DB info.
2025-06-19 14:36:44,577 [INFO] \u2705 Enriched 98986c005e5def2da341b4e0627d4712.json with DB info.
2025-06-19 14:36:44,642 [INFO] \u2705 Enriched 996a7fa078cc36c46d02f9af3bef918b.json with DB info.
2025-06-19 14:36:44,686 [INFO] \u2705 Enriched 997ddfb43e587b1580a0caba67f9de24.json with DB info.
2025-06-19 14:36:44,723 [INFO] \u2705 Enriched 99927ed3f11c0f361bd4c0c7d61d246f.json with DB info.
2025-06-19 14:36:44,807 [WARNING] \u26a0\ufe0f No DB match for email 'adamechchairi5@gmail.com' in 99e314b1b43706773153e7ef375fc68c.json.
2025-06-19 14:36:44,825 [WARNING] \u274c Skipped 99ec8b626a47132c52969dd081cdd808.json: No email field found.
2025-06-19 14:36:44,874 [INFO] \u2705 Enriched 9aa42b31882ec039965f3c4923ce901b.json with DB info.
2025-06-19 14:36:44,916 [INFO] \u2705 Enriched 9afe487de556e59e6db6c862adfe25a4.json with DB info.
2025-06-19 14:36:44,954 [INFO] \u2705 Enriched 9b40aee76034c9543ceacba5df759a1d.json with DB info.
2025-06-19 14:36:44,991 [WARNING] \u26a0\ufe0f No DB match for email 'Kamal.ouhamchich@gmail.com' in 9b47b8678d84ea8a0f9fe6c4ec599918.json.
2025-06-19 14:36:45,030 [INFO] \u2705 Enriched 9b70e8fe62e40c570a322f1b0b659098.json with DB info.
2025-06-19 14:36:45,071 [INFO] \u2705 Enriched 9bb2b56e6b7174609d788805794a4f46.json with DB info.
2025-06-19 14:36:45,125 [WARNING] \u26a0\ufe0f No DB match for email 'akkchaim@gmail.com' in 9bd61ffe923a9953840d210e3b6111dd.json.
2025-06-19 14:36:45,178 [INFO] \u2705 Enriched 9be40cee5b0eee1462c82c6964087ff9.json with DB info.
2025-06-19 14:36:45,220 [INFO] \u2705 Enriched 9c01802ddb981e6bcfbec0f0516b8e35.json with DB info.
2025-06-19 14:36:45,269 [WARNING] \u26a0\ufe0f No DB match for email 'zeinebkhannous@gmail.com' in 9c440b45b356a36bd3b2562a361d9656.json.
2025-06-19 14:36:45,308 [INFO] \u2705 Enriched 9c449771d0edc923c2713a7462cefa3b.json with DB info.
2025-06-19 14:36:45,350 [INFO] \u2705 Enriched 9c453cf6194406f48a40272eec8de2a8.json with DB info.
2025-06-19 14:36:45,392 [INFO] \u2705 Enriched 9c9b9968f53b847802ec73df94b649c0.json with DB info.
2025-06-19 14:36:45,437 [INFO] \u2705 Enriched 9cac2ca53c5fe723c249d012d6091c50.json with DB info.
2025-06-19 14:36:45,476 [INFO] \u2705 Enriched 9cd013fe250ebffc853b386569ab18c0.json with DB info.
2025-06-19 14:36:45,517 [INFO] \u2705 Enriched 9cf81d8026a9018052c429cc4e56739b.json with DB info.
2025-06-19 14:36:45,558 [INFO] \u2705 Enriched 9d7099d87947faa8d07a272dd6954b80.json with DB info.
2025-06-19 14:36:45,601 [INFO] \u2705 Enriched 9d70ada63ee39c2f16e678bbf698df46.json with DB info.
2025-06-19 14:36:45,641 [INFO] \u2705 Enriched 9dd16e049becf4d5087c90a83fea403b.json with DB info.
2025-06-19 14:36:45,684 [INFO] \u2705 Enriched 9e3cfc48eccf81a0d57663e129aef3cb.json with DB info.
2025-06-19 14:36:45,722 [WARNING] \u26a0\ufe0f No DB match for email 'boughrad.noor@gmail.com' in 9fd93cfddc3568482b5eb057efe06f16.json.
2025-06-19 14:36:45,759 [INFO] \u2705 Enriched 9fe8593a8a330607d76796b35c64c600.json with DB info.
2025-06-19 14:36:45,770 [WARNING] \u274c Skipped a01a0380ca3c61428c26a231f0e49a09.json: No email field found.
2025-06-19 14:36:45,805 [WARNING] \u26a0\ufe0f No DB match for email 'abdou12@gmail.com' in a01f3ca6e3e4ece8e1a30696f52844bc.json.
2025-06-19 14:36:45,844 [INFO] \u2705 Enriched a03caec56cd82478bf197475b48c05f9.json with DB info.
2025-06-19 14:36:45,880 [WARNING] \u26a0\ufe0f No DB match for email 'lchgary.yassine@gmail.com' in a0a080f42e6f13b3a2df133f073095dd.json.
2025-06-19 14:36:45,919 [INFO] \u2705 Enriched a11513a4f1fd7e7b0c29be2cf7ad701d.json with DB info.
2025-06-19 14:36:45,960 [INFO] \u2705 Enriched a16741d0aac91b0ca73b5bb17b3f4e36.json with DB info.
2025-06-19 14:36:46,009 [INFO] \u2705 Enriched a1a3e1728ecc9bfe4ca64599f0e661df.json with DB info.
2025-06-19 14:36:46,056 [WARNING] \u26a0\ufe0f No DB match for email 'aittalebtarik01@gmail.com' in a1bcb47486d5abaeabf8fc1d64abe62b.json.
2025-06-19 14:36:46,103 [INFO] \u2705 Enriched a1c71b134d46d7f7ff00f488874a8d43.json with DB info.
2025-06-19 14:36:46,148 [INFO] \u2705 Enriched a1d41c14c1d0aa9b9cc1e228d962fe42.json with DB info.
2025-06-19 14:36:46,193 [INFO] \u2705 Enriched a2137a2ae8e39b5002a3f8909ecb88fe.json with DB info.
2025-06-19 14:36:46,236 [WARNING] \u26a0\ufe0f No DB match for email 'douaazazi201@gmail.com' in a29a5ba2cb7bdeabba22de8c83321b46.json.
2025-06-19 14:36:46,279 [INFO] \u2705 Enriched a34c46916c53099c8038cff641c9b127.json with DB info.
2025-06-19 14:36:46,320 [WARNING] \u26a0\ufe0f No DB match for email 'ayman.zaimi.dev@gmail.com' in a371220f8bdb240bffb403c5ac7f3ef1.json.
2025-06-19 14:36:46,365 [WARNING] \u26a0\ufe0f No DB match for email 'abdelfatah.mennoun@gmail.com' in a383d162a97be62a400e00c320eae9c7.json.
2025-06-19 14:36:46,406 [INFO] \u2705 Enriched a3a51080d3fcd1adab3a44996fd6b977.json with DB info.
2025-06-19 14:36:46,418 [WARNING] \u274c Skipped a3c36d0c741ddabbdb44b35a4fbebcb4.json: No email field found.
2025-06-19 14:36:46,458 [INFO] \u2705 Enriched a3c65c2974270fd093ee8a9bf8ae7d0b.json with DB info.
2025-06-19 14:36:46,504 [INFO] \u2705 Enriched a3d68b461bd9d3533ee1dd3ce4628ed4.json with DB info.
2025-06-19 14:36:46,520 [WARNING] \u274c Skipped a41acbd3ffd616b5fd306761bb865d23.json: No email field found.
2025-06-19 14:36:46,533 [WARNING] \u274c Skipped a422e60213322845b85ae122de53269f.json: No email field found.
2025-06-19 14:36:46,574 [INFO] \u2705 Enriched a424ed4bd3a7d6aea720b86d4a360f75.json with DB info.
2025-06-19 14:36:46,617 [INFO] \u2705 Enriched a48a1b922cbd6d5d08664325afd2b1a2.json with DB info.
2025-06-19 14:36:46,656 [WARNING] \u26a0\ufe0f No DB match for email 'chtoukim97@gmail.com' in a4d2f0d23dcc84ce983ff9157f8b7f88.json.
2025-06-19 14:36:46,696 [INFO] \u2705 Enriched a53d1388191884b75c48bebb18709bfb.json with DB info.
2025-06-19 14:36:46,738 [INFO] \u2705 Enriched a54505e6a589aa3b38674ef107da13c1.json with DB info.
2025-06-19 14:36:46,750 [WARNING] \u274c Skipped a561e7ebcac8441387d4fe143fdef87f.json: No email field found.
2025-06-19 14:36:46,788 [INFO] \u2705 Enriched a5ae355fbd0de73bbc8ab3da0084a3a8.json with DB info.
2025-06-19 14:36:46,825 [INFO] \u2705 Enriched a6b964c0bb675116a15ef1325b01ff45.json with DB info.
2025-06-19 14:36:46,863 [INFO] \u2705 Enriched a70a3a174938bdf20e7b87062c015792.json with DB info.
2025-06-19 14:36:46,900 [INFO] \u2705 Enriched a74d1ff33e951286f8b41bd995f0c5e0.json with DB info.
2025-06-19 14:36:46,939 [INFO] \u2705 Enriched a760880003e7ddedfef56acb3b09697f.json with DB info.
2025-06-19 14:36:46,976 [INFO] \u2705 Enriched a767b1393860de7db35a9954b1aa2f9d.json with DB info.
2025-06-19 14:36:47,014 [INFO] \u2705 Enriched a76c0abe2b7b1b79e70f0073f43c3b44.json with DB info.
2025-06-19 14:36:47,049 [WARNING] \u26a0\ufe0f No DB match for email 'yassinealaouibelghiti@gmail.com' in a7e272202d38f212dcdc3978bcb70a6f.json.
2025-06-19 14:36:47,089 [INFO] \u2705 Enriched a8442efac020cf971575de816beb459e.json with DB info.
2025-06-19 14:36:47,100 [WARNING] \u274c Skipped a87823bb4525992c4faeea10b5965d6c.json: No email field found.
2025-06-19 14:36:47,136 [WARNING] \u26a0\ufe0f No DB match for email 'soufianetame@gmail.com' in a8d3b1e36a14da038a06f675d1693dd8.json.
2025-06-19 14:36:47,171 [INFO] \u2705 Enriched a8e864d04c95572d1aece099af852d0a.json with DB info.
2025-06-19 14:36:47,221 [INFO] \u2705 Enriched a981f2b708044d6fb4a71a1463242520.json with DB info.
2025-06-19 14:36:47,276 [INFO] \u2705 Enriched a98bf9c158d51c9757bd04eb9d2e16f7.json with DB info.
2025-06-19 14:36:47,316 [INFO] \u2705 Enriched a9fb9e6ef40426e9add520623d521ab8.json with DB info.
2025-06-19 14:36:47,354 [INFO] \u2705 Enriched aa432ddb48f87d2c5114f1c11e7c68a5.json with DB info.
2025-06-19 14:36:47,391 [INFO] \u2705 Enriched aa49af1072b367b0a3342314401297a9.json with DB info.
2025-06-19 14:36:47,428 [WARNING] \u26a0\ufe0f No DB match for email 'mouadblh22@gmail.com' in aa988447067c0355df0223065af9d055.json.
2025-06-19 14:36:47,440 [WARNING] \u274c Skipped ab7314887865c4265e896c6e209d1cd6.json: No email field found.
2025-06-19 14:36:47,476 [INFO] \u2705 Enriched ab9bc301ed969f5fa62e9908d7fd80e7.json with DB info.
2025-06-19 14:36:47,488 [WARNING] \u274c Skipped abb451a12cf1a9d93292e81f0d4fdd7a.json: No email field found.
2025-06-19 14:36:47,522 [INFO] \u2705 Enriched abd815286ba1007abfbb8415b83ae2cf.json with DB info.
2025-06-19 14:36:47,560 [INFO] \u2705 Enriched abf0931987f2f8eb7a8d26f2c21fe172.json with DB info.
2025-06-19 14:36:47,595 [INFO] \u2705 Enriched abff833e69ceda5b038c0f2b98d71525.json with DB info.
2025-06-19 14:36:47,629 [WARNING] \u26a0\ufe0f No DB match for email 'otmanfakri2@gmail.com' in ac90e5f00f7542d99231f63fb0dfeecf.json.
2025-06-19 14:36:47,666 [WARNING] \u26a0\ufe0f No DB match for email 'fatimaezzahramontassif@gmail.com' in ac9815bef801f58de83804bce86984ad.json.
2025-06-19 14:36:47,705 [INFO] \u2705 Enriched acd9bdac8824615154e7f1868f29acf6.json with DB info.
2025-06-19 14:36:47,744 [INFO] \u2705 Enriched ad22e184c6cdfb585ad39195d1905acd.json with DB info.
2025-06-19 14:36:47,777 [INFO] \u2705 Enriched ad2972cf612acdeec0f99338a768aa05.json with DB info.
2025-06-19 14:36:47,814 [WARNING] \u26a0\ufe0f No DB match for email 'samiakr11@gmail.com' in ad3019b856147c17e82a5bead782d2a8.json.
2025-06-19 14:36:47,850 [INFO] \u2705 Enriched adb0e2c465ae2a4b7698a8901fdbb177.json with DB info.
2025-06-19 14:36:47,860 [WARNING] \u274c Skipped ae1eaa32d10b6c886981755d579fb4d8.json: No email field found.
2025-06-19 14:36:47,895 [INFO] \u2705 Enriched ae98e3391c4268302e0e8f97c3c005bb.json with DB info.
2025-06-19 14:36:47,932 [INFO] \u2705 Enriched aebf428799f36456510413c389b740f9.json with DB info.
2025-06-19 14:36:47,966 [INFO] \u2705 Enriched aecad42329922dfc97eee948606e1f8e.json with DB info.
2025-06-19 14:36:47,999 [INFO] \u2705 Enriched aeea73be8c3967e626f871de617d508c.json with DB info.
2025-06-19 14:36:48,034 [WARNING] \u26a0\ufe0f No DB match for email 'Bouayoun.mohammed@gmail.com' in af9c0e0c1dee63e5acad8b7ed1a5be96.json.
2025-06-19 14:36:48,073 [INFO] \u2705 Enriched afdec7005cc9f14302cd0474fd0f3c96.json with DB info.
2025-06-19 14:36:48,117 [INFO] \u2705 Enriched afeae7504d214a43ca689bc1d0999930.json with DB info.
2025-06-19 14:36:48,159 [INFO] \u2705 Enriched aff0a6a4521232970b2c1cf539ad0a19.json with DB info.
2025-06-19 14:36:48,171 [WARNING] \u274c Skipped aff53752790c8c5348954c335c5ad682.json: No email field found.
2025-06-19 14:36:48,203 [INFO] \u2705 Enriched b05b57f6add810d3b7490866d74c0053.json with DB info.
2025-06-19 14:36:48,239 [INFO] \u2705 Enriched b090409688550f3cc93f4ed88ec6cafb.json with DB info.
2025-06-19 14:36:48,249 [WARNING] \u274c Skipped b0b36c71ef0a155300c69a618bf9b9f5.json: No email field found.
2025-06-19 14:36:48,284 [INFO] \u2705 Enriched b1501a9528a292585b7e90e8708143f1.json with DB info.
2025-06-19 14:36:48,295 [WARNING] \u274c Skipped b16574c54c98b9512edbecb8fa4f47f2.json: No email field found.
2025-06-19 14:36:48,328 [WARNING] \u26a0\ufe0f No DB match for email 'themouadmoustaid@gmail.com' in b18336c06954cf0a92113517ca2bdd29.json.
2025-06-19 14:36:48,361 [INFO] \u2705 Enriched b1adda14824f50ef24ff1c05bb66faf3.json with DB info.
2025-06-19 14:36:48,394 [INFO] \u2705 Enriched b1c1c47f20cf1d3253555b8cf83949c0.json with DB info.
2025-06-19 14:36:48,429 [INFO] \u2705 Enriched b1c5d6d28abda1b579b1718613c62d93.json with DB info.
2025-06-19 14:36:48,463 [INFO] \u2705 Enriched b259a593d2ac9619df8c8a5a6c2717a2.json with DB info.
2025-06-19 14:36:48,496 [WARNING] \u26a0\ufe0f No DB match for email 'latifaouali3003@gmail.com' in b27152e13b5ed9b61478a1384d7b9bf2.json.
2025-06-19 14:36:48,530 [INFO] \u2705 Enriched b2ec5fbfb158548e1c4a3c02b2752a51.json with DB info.
2025-06-19 14:36:48,570 [INFO] \u2705 Enriched b34517c68d949a02746108522f958479.json with DB info.
2025-06-19 14:36:48,607 [INFO] \u2705 Enriched b356e7aed7ee82589e54a466e0dca157.json with DB info.
2025-06-19 14:36:48,643 [WARNING] \u26a0\ufe0f No DB match for email 'missaouiabdellatif95@gmail.com' in b451da363bb08b9a81ceadbadb5133ef.json.
2025-06-19 14:36:48,685 [INFO] \u2705 Enriched b458b8febcef7e8b854ebdd7eda80b96.json with DB info.
2025-06-19 14:36:48,730 [INFO] \u2705 Enriched b4631d19343f260022ee73087c6e2eab.json with DB info.
2025-06-19 14:36:48,745 [WARNING] \u274c Skipped b534ba68236ba543ae44b22bd110a1d6.json: No email field found.
2025-06-19 14:36:48,797 [INFO] \u2705 Enriched b53b3a3d6ab90ce0268229151c9bde11.json with DB info.
2025-06-19 14:36:48,809 [WARNING] \u274c Skipped b56522cb95aa89c207e129509362cce3.json: No email field found.
2025-06-19 14:36:48,850 [INFO] \u2705 Enriched b594f8f8fcc3cc7910e2dcd4269a2e95.json with DB info.
2025-06-19 14:36:48,887 [WARNING] \u26a0\ufe0f No DB match for email 'salmi.amal10@gmail.com' in b59f635e9f984164bf71aa36a8dd265e.json.
2025-06-19 14:36:48,925 [INFO] \u2705 Enriched b5dc4e5d9b495d0196f61d45b26ef33e.json with DB info.
2025-06-19 14:36:48,967 [INFO] \u2705 Enriched b695c680f92ed7efbe95d056782827ad.json with DB info.
2025-06-19 14:36:49,002 [WARNING] \u26a0\ufe0f No DB match for email 'omakraoui@gmail.com' in b6b90237b3ebd1e462a5d11dbc5c4dae.json.
2025-06-19 14:36:49,039 [INFO] \u2705 Enriched b6cda17abb967ed28ec9610137aa45f7.json with DB info.
2025-06-19 14:36:49,076 [INFO] \u2705 Enriched b706835de79a2b4e80506f582af3676a.json with DB info.
2025-06-19 14:36:49,111 [WARNING] \u26a0\ufe0f No DB match for email 'aboubaker.fakir1@gmail.com' in b7087c1f4f89e63af8d46f3b20271153.json.
2025-06-19 14:36:49,145 [INFO] \u2705 Enriched b710915795b9e9c02cf10d6d2bdb688c.json with DB info.
2025-06-19 14:36:49,156 [WARNING] \u274c Skipped b82b1c2afe93439b68c4a4945a27daf2.json: No email field found.
2025-06-19 14:36:49,189 [INFO] \u2705 Enriched b86b8c4fa6f55a31dd1964bd374d654f.json with DB info.
2025-06-19 14:36:49,223 [INFO] \u2705 Enriched b86e8d03fe992d1b0e19656875ee557c.json with DB info.
2025-06-19 14:36:49,264 [INFO] \u2705 Enriched b8c4464e7ee7dc326d7807a8549e449f.json with DB info.
2025-06-19 14:36:49,299 [INFO] \u2705 Enriched b8d889c4e9b34bc7dc7a93a2a9a91070.json with DB info.
2025-06-19 14:36:49,309 [WARNING] \u274c Skipped b9228e0962a78b84f3d5d92f4faa000b.json: No email field found.
2025-06-19 14:36:49,343 [WARNING] \u26a0\ufe0f No DB match for email 'azizyassine057@gmail.com' in b93f11867481fc6d77908aea58ba6198.json.
2025-06-19 14:36:49,381 [WARNING] \u26a0\ufe0f No DB match for email 'amraouisaid3@gmail.com' in ba1b3eba322eab5d895aa3023fe78b9c.json.
2025-06-19 14:36:49,417 [INFO] \u2705 Enriched ba3866600c3540f67c1e9575e213be0a.json with DB info.
2025-06-19 14:36:49,452 [INFO] \u2705 Enriched ba530cdf0a884348613f2aaa3a5ba5e8.json with DB info.
2025-06-19 14:36:49,488 [INFO] \u2705 Enriched bc8741c4e92bbbca75ab9fe51f54664a.json with DB info.
2025-06-19 14:36:49,521 [INFO] \u2705 Enriched bd0bbd6f4ca059d60e92b3d4cbfa976b.json with DB info.
2025-06-19 14:36:49,531 [WARNING] \u274c Skipped be629262dfba85e4814b3e74dee4a724.json: No email field found.
2025-06-19 14:36:49,564 [INFO] \u2705 Enriched beb22fb694d513edcf5533cf006dfeae.json with DB info.
2025-06-19 14:36:49,598 [INFO] \u2705 Enriched beed13602b9b0e6ecb5b568ff5058f07.json with DB info.
2025-06-19 14:36:49,632 [INFO] \u2705 Enriched befe5b0172188ad14d48c3ebe9cf76bf.json with DB info.
2025-06-19 14:36:49,669 [INFO] \u2705 Enriched bf0377d5a3968bac5aac7a10dfff1b86.json with DB info.
2025-06-19 14:36:49,702 [INFO] \u2705 Enriched bf0c0d36a5a3f240ccbc590fca184a7f.json with DB info.
2025-06-19 14:36:49,736 [WARNING] \u26a0\ufe0f No DB match for email 'akarkab.abdelghani.dev@gmail.com' in bf453f2614003078beb672654334ce15.json.
2025-06-19 14:36:49,779 [WARNING] \u26a0\ufe0f No DB match for email 'tourguiabderrahim2000@gmail.com' in bffc98347ee35b3ead06728d6f073c68.json.
2025-06-19 14:36:49,823 [WARNING] \u26a0\ufe0f No DB match for email 'mehdi.benmarzouq03@gmail.com' in c06b57c153593ad97339f96585f6692a.json.
2025-06-19 14:36:49,866 [INFO] \u2705 Enriched c0b9031eabb6c34699a6427622186cdc.json with DB info.
2025-06-19 14:36:49,908 [INFO] \u2705 Enriched c20ad4d76fe97759aa27a0c99bff6710.json with DB info.
2025-06-19 14:36:49,950 [INFO] \u2705 Enriched c213877427b46fa96cff6c39e837ccee.json with DB info.
2025-06-19 14:36:49,963 [WARNING] \u274c Skipped c2626d850c80ea07e7511bbae4c76f4b.json: No email field found.
2025-06-19 14:36:50,000 [WARNING] \u26a0\ufe0f No DB match for email 'm@gmail.com' in c2839bed26321da8b466c80a032e4714.json.
2025-06-19 14:36:50,041 [INFO] \u2705 Enriched c30ca4400db3c72274c8ad819f688c21.json with DB info.
2025-06-19 14:36:50,080 [WARNING] \u26a0\ufe0f No DB match for email 'benazitaha@gmail.com' in c31b43829c7b4afe91ff4c0797247a76.json.
2025-06-19 14:36:50,121 [INFO] \u2705 Enriched c35a4c435947597d8ba9718c4d7d6643.json with DB info.
2025-06-19 14:36:50,160 [WARNING] \u26a0\ufe0f No DB match for email 'yassder14@gmail.com' in c366c2c97d47b02b24c3ecade4c40a01.json.
2025-06-19 14:36:50,199 [INFO] \u2705 Enriched c3f400862abb2668f9c0cbe39cbb2469.json with DB info.
2025-06-19 14:36:50,237 [INFO] \u2705 Enriched c3f7a5ca6fa6409448a99f5a772828a8.json with DB info.
2025-06-19 14:36:50,276 [INFO] \u2705 Enriched c45147dee729311ef5b5c3003946c48f.json with DB info.
2025-06-19 14:36:50,320 [INFO] \u2705 Enriched c4851e8e264415c4094e4e85b0baa7cc.json with DB info.
2025-06-19 14:36:50,359 [INFO] \u2705 Enriched c494d9524143b2ebe567475e985c19f7.json with DB info.
2025-06-19 14:36:50,397 [INFO] \u2705 Enriched c4b108f53550f1d5967305a9a8140ddd.json with DB info.
2025-06-19 14:36:50,436 [INFO] \u2705 Enriched c54d2118d6a3a2b06f07e9eeb240d741.json with DB info.
2025-06-19 14:36:50,474 [INFO] \u2705 Enriched c5a8c45bb92b22b295a2e79afdc26280.json with DB info.
2025-06-19 14:36:50,512 [WARNING] \u26a0\ufe0f No DB match for email 'ghinemariam@gmail.com' in c5ff2543b53f4cc0ad3819a36752467b.json.
2025-06-19 14:36:50,552 [INFO] \u2705 Enriched c703c1c23ad683836fe8c1acce9b850a.json with DB info.
2025-06-19 14:36:50,589 [INFO] \u2705 Enriched c7a19fe3198a7cdef110e52e5b455e36.json with DB info.
2025-06-19 14:36:50,625 [INFO] \u2705 Enriched c7cd4536abacd24976a94ce7e5e10939.json with DB info.
2025-06-19 14:36:50,661 [INFO] \u2705 Enriched c802ceaa43e6ad9ddc511cab5f34789c.json with DB info.
2025-06-19 14:36:50,702 [INFO] \u2705 Enriched c80728aa924ef2e490a13188e1178518.json with DB info.
2025-06-19 14:36:50,736 [WARNING] \u26a0\ufe0f No DB match for email 'boutabaob@gmail.com' in c8194823937cbafcfcef5b0c21de59bd.json.
2025-06-19 14:36:50,747 [WARNING] \u274c Skipped c89f28fe875efcf36c8973a7f81bfbb0.json: No email field found.
2025-06-19 14:36:50,782 [WARNING] \u26a0\ufe0f No DB match for email 'ridala.work@gmail.com' in c8a504a9a22d488a8d8f8fa7b890e20f.json.
2025-06-19 14:36:50,822 [INFO] \u2705 Enriched c8ba76c279269b1c6bc8a07e38e78fa4.json with DB info.
2025-06-19 14:36:50,858 [INFO] \u2705 Enriched c8f5b1786c5c5f89edf17f37dbca107e.json with DB info.
2025-06-19 14:36:50,869 [WARNING] \u274c Skipped c90b7a69d23093b5eecacda3cf61c3a1.json: No email field found.
2025-06-19 14:36:50,904 [INFO] \u2705 Enriched c9892a989183de32e976c6f04e700201.json with DB info.
2025-06-19 14:36:50,915 [WARNING] \u274c Skipped c99e757a469e0631c1a61e97949885f1.json: No email field found.
2025-06-19 14:36:50,949 [INFO] \u2705 Enriched c9fef0f5571c58ecd8c845e3b0f4b7f7.json with DB info.
2025-06-19 14:36:50,960 [WARNING] \u274c Skipped ca0daec69b5adc880fb464895726dbdf.json: No email field found.
2025-06-19 14:36:50,995 [INFO] \u2705 Enriched ca46c1b9512a7a8315fa3c5a946e8265.json with DB info.
2025-06-19 14:36:51,007 [WARNING] \u274c Skipped ca4b5656b7e193e6bb9064c672ac8dce.json: No email field found.
2025-06-19 14:36:51,045 [INFO] \u2705 Enriched ca8155f4d27f205953f9d3d7974bdd70.json with DB info.
2025-06-19 14:36:51,084 [WARNING] \u26a0\ufe0f No DB match for email 'abdessamad.lebied2@gmail.com' in cb7c403aa312160380010ee3dd4bfc53.json.
2025-06-19 14:36:51,095 [WARNING] \u274c Skipped cb9c528565c30d49b548831022bc9b32.json: No email field found.
2025-06-19 14:36:51,130 [INFO] \u2705 Enriched cbd37fc75cd08ceff5c904ec09374997.json with DB info.
2025-06-19 14:36:51,175 [INFO] \u2705 Enriched cc281a493d63c492153ba35b86dcc794.json with DB info.
2025-06-19 14:36:51,213 [INFO] \u2705 Enriched cc4af25fa9d2d5c953496579b75f6f6c.json with DB info.
2025-06-19 14:36:51,248 [INFO] \u2705 Enriched cc9109aa1f048c36d154d902612982e2.json with DB info.
2025-06-19 14:36:51,284 [WARNING] \u26a0\ufe0f No DB match for email 'ryadbenmanser@gmail.com' in ccc0aa1b81bf81e16c676ddb977c5881.json.
2025-06-19 14:36:51,322 [INFO] \u2705 Enriched ccf4769973f7658ac976a063527c4292.json with DB info.
2025-06-19 14:36:51,358 [INFO] \u2705 Enriched cd0dce8fca267bf1fb86cf43e18d5598.json with DB info.
2025-06-19 14:36:51,393 [INFO] \u2705 Enriched cda72177eba360ff16b7f836e2754370.json with DB info.
2025-06-19 14:36:51,405 [WARNING] \u274c Skipped ce89f6b11bdc5b365085a84036e9365b.json: No email field found.
2025-06-19 14:36:51,415 [WARNING] \u274c Skipped cea0c0b601708bb928f7633a41db56d5.json: No email field found.
2025-06-19 14:36:51,451 [INFO] \u2705 Enriched cee631121c2ec9232f3a2f028ad5c89b.json with DB info.
2025-06-19 14:36:51,487 [INFO] \u2705 Enriched cf011ff8d8380280133bce806e0f7bb1.json with DB info.
2025-06-19 14:36:51,524 [INFO] \u2705 Enriched cf79ae6addba60ad018347359bd144d2.json with DB info.
2025-06-19 14:36:51,562 [WARNING] \u26a0\ufe0f No DB match for email 'aitouageurdanass@gmail.com' in cfabd33d7dd5a2843aa772b8b1cee186.json.
2025-06-19 14:36:51,576 [WARNING] \u274c Skipped d01c25576ff1c53de58e0e6970a2d510.json: No email field found.
2025-06-19 14:36:51,631 [WARNING] \u26a0\ufe0f No DB match for email 'mwahid976@gmail.com' in d04e5fdcd17f0616f965099351d2f2a1.json.
2025-06-19 14:36:51,672 [INFO] \u2705 Enriched d0f3cac4d12fa2668b1ffbc4e3254253.json with DB info.
2025-06-19 14:36:51,714 [INFO] \u2705 Enriched d106161033da24ceb07a0103fd837433.json with DB info.
2025-06-19 14:36:51,760 [WARNING] \u26a0\ufe0f No DB match for email 'rachida.oubrik02@gmail.com' in d14c2267d848abeb81fd590f371d39bd.json.
2025-06-19 14:36:51,797 [INFO] \u2705 Enriched d16509f6eaca1022bd8f28d6bc582cae.json with DB info.
2025-06-19 14:36:51,836 [INFO] \u2705 Enriched d17e6bcbcef8de3f7a00195cfa5706f1.json with DB info.
2025-06-19 14:36:51,871 [INFO] \u2705 Enriched d1c0956fb99f55d86496c562a2a71b17.json with DB info.
2025-06-19 14:36:51,882 [WARNING] \u274c Skipped d203bbe1b9e242a034b376bafda15a99.json: No email field found.
2025-06-19 14:36:51,916 [INFO] \u2705 Enriched d242f1a255d1bbb7e3a31d8b1f2fc901.json with DB info.
2025-06-19 14:36:51,952 [INFO] \u2705 Enriched d28d296b68b6ac1232353531256488b3.json with DB info.
2025-06-19 14:36:51,988 [INFO] \u2705 Enriched d2ed45a52bc0edfa11c2064e9edee8bf.json with DB info.
2025-06-19 14:36:52,025 [INFO] \u2705 Enriched d305281faf947ca7acade9ad5c8c818c.json with DB info.
2025-06-19 14:36:52,059 [INFO] \u2705 Enriched d3779a48ccf8e469f915ffdbc55f6e2e.json with DB info.
2025-06-19 14:36:52,069 [WARNING] \u274c Skipped d3a03b46250a3b28b490109cef354b3f.json: No email field found.
2025-06-19 14:36:52,104 [INFO] \u2705 Enriched d3db718a011f94f39dd49b576d785b08.json with DB info.
2025-06-19 14:36:52,142 [INFO] \u2705 Enriched d41b5422b44a34d123006225fd1d3484.json with DB info.
2025-06-19 14:36:52,175 [INFO] \u2705 Enriched d469547325a320e660ba7f4bf05c7ecf.json with DB info.
2025-06-19 14:36:52,208 [INFO] \u2705 Enriched d490d7b4576290fa60eb31b5fc917ad1.json with DB info.
2025-06-19 14:36:52,261 [INFO] \u2705 Enriched d4b2aeb2453bdadaa45cbe9882ffefcf.json with DB info.
2025-06-19 14:36:52,301 [INFO] \u2705 Enriched d4f457bca5d92483c063b48d7a33b36b.json with DB info.
2025-06-19 14:36:52,339 [INFO] \u2705 Enriched d563cb0699fbe7bc92d64815915918cd.json with DB info.
2025-06-19 14:36:52,374 [INFO] \u2705 Enriched d5b2bbd3e57d6c19003667a447475589.json with DB info.
2025-06-19 14:36:52,410 [INFO] \u2705 Enriched d6128a5c44f82653361a48a60cbc47c2.json with DB info.
2025-06-19 14:36:52,448 [INFO] \u2705 Enriched d629eddc95ad3b072b33e5363def437f.json with DB info.
2025-06-19 14:36:52,485 [WARNING] \u26a0\ufe0f No DB match for email 'bakkal.jamal@gmail.com' in d6428eecbe0f7dff83fc607c5044b2b9.json.
2025-06-19 14:36:52,495 [WARNING] \u274c Skipped d6723e7cd6735df68d1ce4c704c29a04.json: No email field found.
2025-06-19 14:36:52,545 [INFO] \u2705 Enriched d6baf65e0b240ce177cf70da146c8dc8.json with DB info.
2025-06-19 14:36:52,561 [WARNING] \u274c Skipped d6d0f445ef4338aba648d1a13936743c.json: No email field found.
2025-06-19 14:36:52,610 [INFO] \u2705 Enriched d6d231705f96d5a35aeb3a76402e49a3.json with DB info.
2025-06-19 14:36:52,648 [INFO] \u2705 Enriched d6d46a8525c3ddc4c970734e4146e9be.json with DB info.
2025-06-19 14:36:52,698 [INFO] \u2705 Enriched d6da0257d11fb247f4a607bae48f69d1.json with DB info.
2025-06-19 14:36:52,737 [INFO] \u2705 Enriched d7452285b4a99b53e9bfb896bedc3db5.json with DB info.
2025-06-19 14:36:52,775 [WARNING] \u26a0\ufe0f No DB match for email 'Hamza.Lachehabe@gmail.com' in d757719ed7c2b66dd17dcee2a3cb29f4.json.
2025-06-19 14:36:52,815 [INFO] \u2705 Enriched d7657583058394c828ee150fada65345.json with DB info.
2025-06-19 14:36:52,851 [INFO] \u2705 Enriched d77c703536718b95308130ff2e5cf9ee.json with DB info.
2025-06-19 14:36:52,889 [INFO] \u2705 Enriched d7a728a67d909e714c0774e22cb806f2.json with DB info.
2025-06-19 14:36:52,925 [INFO] \u2705 Enriched d7ead5493404dfc648694a5793608bdf.json with DB info.
2025-06-19 14:36:52,937 [WARNING] \u274c Skipped d7f71f28449665f9eefc114e5e7d3e7b.json: No email field found.
2025-06-19 14:36:52,975 [INFO] \u2705 Enriched d800149d2f947ad4d64f34668f8b20f6.json with DB info.
2025-06-19 14:36:53,017 [WARNING] \u26a0\ufe0f No DB match for email 'mehdisabil.cg@gmail.com' in d81f9c1be2e08964bf9f24b15f0e4900.json.
2025-06-19 14:36:53,057 [INFO] \u2705 Enriched d828725179d622a56f951e527a966ed7.json with DB info.
2025-06-19 14:36:53,068 [WARNING] \u274c Skipped d85b63ef0ccb114d0a3bb7b7d808028f.json: No email field found.
2025-06-19 14:36:53,078 [WARNING] \u274c Skipped d860bd12ce9c026814bbdfc1c573f0f5.json: No email field found.
2025-06-19 14:36:53,115 [INFO] \u2705 Enriched d863d5ec458b0dc3b46cba96d9d49ac3.json with DB info.
2025-06-19 14:36:53,151 [INFO] \u2705 Enriched d87aa42cd08ba8612664a73dbdb64221.json with DB info.
2025-06-19 14:36:53,185 [INFO] \u2705 Enriched d8c33083ef391fb58934b7745d71e8ad.json with DB info.
2025-06-19 14:36:53,195 [WARNING] \u274c Skipped d8fa522f781a96a3999321da05dfde8c.json: No email field found.
2025-06-19 14:36:53,233 [INFO] \u2705 Enriched d9a849054248cb8a75faa6faadb62507.json with DB info.
2025-06-19 14:36:53,274 [INFO] \u2705 Enriched da11e8cd1811acb79ccf0fd62cd58f86.json with DB info.
2025-06-19 14:36:53,326 [INFO] \u2705 Enriched da422e857721f964a2550ba7b98f29a6.json with DB info.
2025-06-19 14:36:53,363 [INFO] \u2705 Enriched da5da79fc8144f79ca907a04066edcd2.json with DB info.
2025-06-19 14:36:53,399 [WARNING] \u26a0\ufe0f No DB match for email 'mohdamohamed6@gmail.com' in da5dc4875e3401ea2bd35ee8f56277a6.json.
2025-06-19 14:36:53,435 [WARNING] \u26a0\ufe0f No DB match for email 'abdellahaitcheikh12@gmail.com' in dabd8d2ce74e782c65a973ef76fd540b.json.
2025-06-19 14:36:53,472 [WARNING] \u26a0\ufe0f No DB match for email 'salmamoumni752@gmail.com' in daca41214b39c5dc66674d09081940f0.json.
2025-06-19 14:36:53,484 [WARNING] \u274c Skipped db2b4182156b2f1f817860ac9f409ad7.json: No email field found.
2025-06-19 14:36:53,518 [INFO] \u2705 Enriched dbdc69ea6ccbdea0ca2d796e1af24ebf.json with DB info.
2025-06-19 14:36:53,552 [INFO] \u2705 Enriched dc912a253d1e9ba40e2c597ed2376640.json with DB info.
2025-06-19 14:36:53,590 [INFO] \u2705 Enriched dcc5c249e15c211f21e1da0f3ba66169.json with DB info.
2025-06-19 14:36:53,626 [INFO] \u2705 Enriched dcf6070a4ab7f3afbfd2809173e0824b.json with DB info.
2025-06-19 14:36:53,660 [INFO] \u2705 Enriched dd1970fb03877a235d530476eb727dab.json with DB info.
2025-06-19 14:36:53,694 [INFO] \u2705 Enriched dd2bdf6cb881176bc2c0c568e1a180fa.json with DB info.
2025-06-19 14:36:53,731 [INFO] \u2705 Enriched dd33a21f7b5d1e39ae66b67be7a6d253.json with DB info.
2025-06-19 14:36:53,767 [INFO] \u2705 Enriched dd458505749b2941217ddd59394240e8.json with DB info.
2025-06-19 14:36:53,804 [INFO] \u2705 Enriched dd4729902a3476b2bc9675e3530a852c.json with DB info.
2025-06-19 14:36:53,846 [INFO] \u2705 Enriched ddb4955263e6c08179393d1beaf18602.json with DB info.
2025-06-19 14:36:53,859 [WARNING] \u274c Skipped ddd9dda6bfaf0bb1525a8a27c3ee6131.json: No email field found.
2025-06-19 14:36:53,901 [WARNING] \u26a0\ufe0f No DB match for email 'razzaqrhazali2001@gmail.com' in de073d2cffa991f936d6a7aa7bca3425.json.
2025-06-19 14:36:53,947 [INFO] \u2705 Enriched de312ddeff82ecc47ed90967ed3cbc91.json with DB info.
2025-06-19 14:36:53,992 [INFO] \u2705 Enriched dea9ddb25cbf2352cf4dec30222a02a5.json with DB info.
2025-06-19 14:36:54,035 [INFO] \u2705 Enriched e0154ac829acb5cb5735e1d1e7f48c68.json with DB info.
2025-06-19 14:36:54,047 [WARNING] \u274c Skipped e0c641195b27425bb056ac56f8953d24.json: No email field found.
2025-06-19 14:36:54,086 [INFO] \u2705 Enriched e0dc61eceffa1a7dff9d396b4b7c5011.json with DB info.
2025-06-19 14:36:54,126 [INFO] \u2705 Enriched e0e6518d2cac6a5b1fa6b05498a5e7be.json with DB info.
2025-06-19 14:36:54,138 [WARNING] \u274c Skipped e139c454239bfde741e893edb46a06cc.json: No email field found.
2025-06-19 14:36:54,176 [INFO] \u2705 Enriched e21cece511f43a5cb18d4932429915ed.json with DB info.
2025-06-19 14:36:54,214 [WARNING] \u26a0\ufe0f No DB match for email 'abidiadam400@gmail.com' in e2c4c0b38669387a2a842e1fe391d233.json.
2025-06-19 14:36:54,263 [WARNING] \u26a0\ufe0f No DB match for email 'elmechrafiachraf@gmail.com' in e2db7186375992e729165726762cb4c1.json.
2025-06-19 14:36:54,301 [INFO] \u2705 Enriched e3050c2fe9297974cbf4328fa4f98d42.json with DB info.
2025-06-19 14:36:54,313 [WARNING] \u274c Skipped e3251075554389fe91d17a794861d47b.json: No email field found.
2025-06-19 14:36:54,348 [INFO] \u2705 Enriched e33b5ba509e687654cd19c642ac2dc09.json with DB info.
2025-06-19 14:36:54,385 [INFO] \u2705 Enriched e345fac6bc5c868f0222430c733fa26e.json with DB info.
2025-06-19 14:36:54,422 [INFO] \u2705 Enriched e3670ce0c315396e4836d7024abcf3dd.json with DB info.
2025-06-19 14:36:54,460 [INFO] \u2705 Enriched e430ad64df3de73e6be33bcb7f6d0dac.json with DB info.
2025-06-19 14:36:54,470 [WARNING] \u274c Skipped e43739bba7cdb577e9e3e4e42447f5a5.json: No email field found.
2025-06-19 14:36:54,506 [INFO] \u2705 Enriched e44491d231b7c45260ec02d2f9f8827b.json with DB info.
2025-06-19 14:36:54,542 [INFO] \u2705 Enriched e45c2dc8d9e5b215ea141f2f609100f9.json with DB info.
2025-06-19 14:36:54,576 [INFO] \u2705 Enriched e5732492e9d1ef72fee339a293b2f9e8.json with DB info.
2025-06-19 14:36:54,612 [INFO] \u2705 Enriched e57c6b956a6521b28495f2886ca0977a.json with DB info.
2025-06-19 14:36:54,623 [WARNING] \u274c Skipped e5a5d1fa6871e3e01b1cb0d41dc5ffce.json: No email field found.
2025-06-19 14:36:54,658 [WARNING] \u26a0\ufe0f No DB match for email 'aymanzerza001@gmail.com' in e6051b3bfe716cc4a38c2f39ec199873.json.
2025-06-19 14:36:54,695 [INFO] \u2705 Enriched e64c9ec33f19c7de745bd6b6d1a7a86e.json with DB info.
2025-06-19 14:36:54,705 [WARNING] \u274c Skipped e685b42794dde47c8d8304eb462cc3ae.json: No email field found.
2025-06-19 14:36:54,739 [INFO] \u2705 Enriched e6a88d08e6f74bd95b169002762b1841.json with DB info.
2025-06-19 14:36:54,777 [INFO] \u2705 Enriched e6c19a87ef9e816e02ce247d4f41d38a.json with DB info.
2025-06-19 14:36:54,813 [INFO] \u2705 Enriched e6fb52c108655e3dbb47bfeccce12131.json with DB info.
2025-06-19 14:36:54,848 [INFO] \u2705 Enriched e702e51da2c0f5be4dd354bb3e295d37.json with DB info.
2025-06-19 14:36:54,883 [INFO] \u2705 Enriched e743a091199384909e62fdb62d701810.json with DB info.
2025-06-19 14:36:54,918 [INFO] \u2705 Enriched e744f91c29ec99f0e662c9177946c627.json with DB info.
2025-06-19 14:36:54,957 [INFO] \u2705 Enriched e7db14e12fb49c1d78a573e6e5f542c2.json with DB info.
2025-06-19 14:36:54,993 [INFO] \u2705 Enriched e816c635cad85a60fabd6b97b03cbcc9.json with DB info.
2025-06-19 14:36:55,029 [INFO] \u2705 Enriched e820a45f1dfc7b95282d10b6087e11c0.json with DB info.
2025-06-19 14:36:55,063 [INFO] \u2705 Enriched e9352a44851329428546289d02ba92b6.json with DB info.
2025-06-19 14:36:55,099 [INFO] \u2705 Enriched e96c7de8f6390b1e6c71556e4e0a4959.json with DB info.
2025-06-19 14:36:55,137 [INFO] \u2705 Enriched e995f98d56967d946471af29d7bf99f1.json with DB info.
2025-06-19 14:36:55,181 [INFO] \u2705 Enriched ea2e44965e2fc72273d0a41e9bc79805.json with DB info.
2025-06-19 14:36:55,218 [INFO] \u2705 Enriched eaf90ea9a5c3866af372589e011d4242.json with DB info.
2025-06-19 14:36:55,261 [INFO] \u2705 Enriched eb1e78328c46506b46a4ac4a1e378b91.json with DB info.
2025-06-19 14:36:55,306 [INFO] \u2705 Enriched ebc82ddcaa790d66bba665311ead3045.json with DB info.
2025-06-19 14:36:55,343 [INFO] \u2705 Enriched ebf59110c0306610e192bd156d58c4e3.json with DB info.
2025-06-19 14:36:55,353 [WARNING] \u274c Skipped ebf99bb5df6533b6dd9180a59034698d.json: No email field found.
2025-06-19 14:36:55,390 [WARNING] \u26a0\ufe0f No DB match for email 'aichaessalmi789@gmail.com' in ec4de54f2f3afa14175e5eabfc16ce1f.json.
2025-06-19 14:36:55,429 [INFO] \u2705 Enriched ec6826e925952de7a90be595700f4189.json with DB info.
2025-06-19 14:36:55,465 [INFO] \u2705 Enriched ec79d4bed810ed64267d169b0d37373e.json with DB info.
2025-06-19 14:36:55,504 [WARNING] \u26a0\ufe0f No DB match for email 'anas.b.haroun@gmail.com' in ecf906a99fb0d66f7aea10c5504b88cb.json.
2025-06-19 14:36:55,542 [INFO] \u2705 Enriched ed2357bbbd318d584d579d024d9fd808.json with DB info.
2025-06-19 14:36:55,581 [WARNING] \u26a0\ufe0f No DB match for email 'salahmalih2@gmail.com' in ed45e77e699645c84f3f27b7b5ad1e2d.json.
2025-06-19 14:36:55,591 [WARNING] \u274c Skipped ee0d6c58f0f8345eefda7e85c449b783.json: No email field found.
2025-06-19 14:36:55,628 [WARNING] \u26a0\ufe0f No DB match for email 'elkharrazahmedali@gmail.com' in eedc6ed006e6f49a7010013cc1fd8a3f.json.
2025-06-19 14:36:55,665 [INFO] \u2705 Enriched eef83da5f4bf1168b71baec76e8d17cb.json with DB info.
2025-06-19 14:36:55,702 [WARNING] \u26a0\ufe0f No DB match for email 'olaminezakaria03@gmail.com' in ef0d3930a7b6c95bd2b32ed45989c61f.json.
2025-06-19 14:36:55,743 [INFO] \u2705 Enriched ef575e8837d065a1683c022d2077d342.json with DB info.
2025-06-19 14:36:55,785 [INFO] \u2705 Enriched ef8051ce270059a142fcb0b3e47b1cd4.json with DB info.
2025-06-19 14:36:55,837 [WARNING] \u26a0\ufe0f No DB match for email 'Essoubaivoiceover120@gmail.com' in ef8f157ca5b0983df9112aaca855ec2b.json.
2025-06-19 14:36:55,886 [INFO] \u2705 Enriched efc52ad8c8b25e39ff87d69407971378.json with DB info.
2025-06-19 14:36:55,935 [INFO] \u2705 Enriched f00e1df0c9e961695bd1c1d9816d0c04.json with DB info.
2025-06-19 14:36:55,976 [INFO] \u2705 Enriched f0282b5ff85e7c9c66200d780bd7e72e.json with DB info.
2025-06-19 14:36:56,015 [INFO] \u2705 Enriched f02b3153b7cd94c63d06aca54cb1e6e6.json with DB info.
2025-06-19 14:36:56,058 [INFO] \u2705 Enriched f06d497659096949ed7c01894ba38694.json with DB info.
2025-06-19 14:36:56,097 [INFO] \u2705 Enriched f0bbf5fb2b067fda7b491dc2307411e4.json with DB info.
2025-06-19 14:36:56,109 [WARNING] \u274c Skipped f0cf02f00e9e36bff626386a006be59a.json: No email field found.
2025-06-19 14:36:56,147 [INFO] \u2705 Enriched f0f07e680de407b0f12abf15bd520097.json with DB info.
2025-06-19 14:36:56,185 [INFO] \u2705 Enriched f10f2da9a238b746d2bac55759915f0d.json with DB info.
2025-06-19 14:36:56,223 [INFO] \u2705 Enriched f12a6a7477077af66212ef0813bcf332.json with DB info.
2025-06-19 14:36:56,234 [WARNING] \u274c Skipped f182c4c2e7b4bd91debd2d0d636becac.json: No email field found.
2025-06-19 14:36:56,270 [INFO] \u2705 Enriched f1b77376e6da9ea8126410f9331886e8.json with DB info.
2025-06-19 14:36:56,308 [WARNING] \u26a0\ufe0f No DB match for email 'ilyas.soussi.linkedin@gmail.com' in f1f485b532be392dd7964f94dbd0562a.json.
2025-06-19 14:36:56,346 [INFO] \u2705 Enriched f2671992766736eaee5018a1de716c86.json with DB info.
2025-06-19 14:36:56,357 [WARNING] \u274c Skipped f26990c534c3b5a550f83fceb0efce05.json: No email field found.
2025-06-19 14:36:56,390 [INFO] \u2705 Enriched f26dab9bf6a137c3b6782e562794c2f2.json with DB info.
2025-06-19 14:36:56,424 [WARNING] \u26a0\ufe0f No DB match for email 'Abdellatiftamraoui4@gmail.com' in f277335b0fda4885798095b94a3d0bc8.json.
2025-06-19 14:36:56,435 [WARNING] \u274c Skipped f2d34fcd37e85f9867708bf71782cda6.json: No email field found.
2025-06-19 14:36:56,469 [WARNING] \u26a0\ufe0f No DB match for email 'zackliwa@gmail.com' in f2fc990265c712c49d51a18a32b39f0c.json.
2025-06-19 14:36:56,504 [INFO] \u2705 Enriched f3067d687ee39c3cbfa75573457e479d.json with DB info.
2025-06-19 14:36:56,537 [INFO] \u2705 Enriched f334fd0f4700b83c04b5ffb104bdbcd0.json with DB info.
2025-06-19 14:36:56,569 [INFO] \u2705 Enriched f387624df552cea2f369918c5e1e12bc.json with DB info.
2025-06-19 14:36:56,601 [INFO] \u2705 Enriched f42fff7bf91c9292a6a6dd4ee86eee6c.json with DB info.
2025-06-19 14:36:56,637 [INFO] \u2705 Enriched f45a1078feb35de77d26b3f7a52ef502.json with DB info.
2025-06-19 14:36:56,671 [INFO] \u2705 Enriched f45ab3a13b96528881ffe7a63b547e79.json with DB info.
2025-06-19 14:36:56,706 [INFO] \u2705 Enriched f474573a89a8f1da580cbfd9b0fecd33.json with DB info.
2025-06-19 14:36:56,732 [INFO] \u2705 Enriched f4be00279ee2e0a53eafdaa94a151e2c.json with DB info.
2025-06-19 14:36:56,743 [WARNING] \u274c Skipped f50a6c02a3fc5a3a5d4d9391f05f3efc.json: No email field found.
2025-06-19 14:36:56,776 [INFO] \u2705 Enriched f51338d736f95dd42427296047067694.json with DB info.
2025-06-19 14:36:56,809 [INFO] \u2705 Enriched f52db9f7c0ae7017ee41f63c2a7353bc.json with DB info.
2025-06-19 14:36:56,811 [WARNING] \u274c Skipped f559cf7514371d4acdaa13b23279b874.json: No email field found.
2025-06-19 14:36:56,853 [INFO] \u2705 Enriched f56de5ef149cf0aedcc8f4797031e229.json with DB info.
2025-06-19 14:36:56,884 [WARNING] \u26a0\ufe0f No DB match for email 'imanebouabidi12@gmail.com' in f591ed4b09492933c2de77c78c9d9a66.json.
2025-06-19 14:36:56,914 [INFO] \u2705 Enriched f5f8590cd58a54e94377e6ae2eded4d9.json with DB info.
2025-06-19 14:36:56,945 [INFO] \u2705 Enriched f61d6947467ccd3aa5af24db320235dd.json with DB info.
2025-06-19 14:36:56,976 [WARNING] \u26a0\ufe0f No DB match for email 'Younshamma@gmail.com' in f665651bcc641391820b462874c05e16.json.
2025-06-19 14:36:57,011 [WARNING] \u26a0\ufe0f No DB match for email 'Saidmouhadabi21@gmail.com' in f6950025e8c79788ef9fb271f8ba8ac5.json.
2025-06-19 14:36:57,044 [INFO] \u2705 Enriched f6e25176c96f7d7c8c7d74ff8babee5d.json with DB info.
2025-06-19 14:36:57,054 [WARNING] \u274c Skipped f76a89f0cb91bc419542ce9fa43902dc.json: No email field found.
2025-06-19 14:36:57,063 [WARNING] \u274c Skipped f80ebff16ccaa9b48a0224d7c489cef4.json: No email field found.
2025-06-19 14:36:57,102 [INFO] \u2705 Enriched f8b18593cdbb1ce289330560a44e33aa.json with DB info.
2025-06-19 14:36:57,133 [INFO] \u2705 Enriched f8bf09f5fceaea80e1f864a1b48938bf.json with DB info.
2025-06-19 14:36:57,165 [WARNING] \u26a0\ufe0f No DB match for email 'hamzakenbouch.co@gmail.com' in f8e59f4b2fe7c5705bf878bbd494ccdf.json.
2025-06-19 14:36:57,198 [WARNING] \u26a0\ufe0f No DB match for email 'mehdimalki101@gmail.com' in f8e918489f1e0a81ff11312f4d0630c1.json.
2025-06-19 14:36:57,232 [INFO] \u2705 Enriched f9028faec74be6ec9b852b0a542e2f39.json with DB info.
2025-06-19 14:36:57,263 [INFO] \u2705 Enriched f90bebdc692f68ebf8f1dee68a01a8e0.json with DB info.
2025-06-19 14:36:57,295 [INFO] \u2705 Enriched f96f9be4a7f4fa8ad6803378e0529ebc.json with DB info.
2025-06-19 14:36:57,329 [INFO] \u2705 Enriched fa733611ef13bd333ebfbab7eed14b63.json with DB info.
2025-06-19 14:36:57,383 [WARNING] \u26a0\ufe0f No DB match for email 'oussama.2004slimani@gmail.com' in fa7cdfad1a5aaf8370ebeda47a1ff1c3.json.
2025-06-19 14:36:57,397 [WARNING] \u274c Skipped fac7fead96dafceaf80c1daffeae82a4.json: No email field found.
2025-06-19 14:36:57,411 [WARNING] \u274c Skipped fb26ceb5a996b8a4736c4e9ad00f7362.json: No email field found.
2025-06-19 14:36:57,444 [WARNING] \u26a0\ufe0f No DB match for email 'wissal.jamal99@gmail.com' in fb51aea2099d8fbdfe50a5cd69ff8e50.json.
2025-06-19 14:36:57,479 [INFO] \u2705 Enriched fb5d9e209ebda9ab6556a31639190622.json with DB info.
2025-06-19 14:36:57,514 [INFO] \u2705 Enriched fc133194812b3983d793d362c4fe97e7.json with DB info.
2025-06-19 14:36:57,546 [WARNING] \u26a0\ufe0f No DB match for email 'yasinfakihi21@gmail.com' in fc7079c59bf3610c28028522c22f6ef8.json.
2025-06-19 14:36:57,581 [INFO] \u2705 Enriched fc79f85644e61b73336061894220e641.json with DB info.
2025-06-19 14:36:57,615 [WARNING] \u26a0\ufe0f No DB match for email 'desingeryasser10@gmail.com' in fc8956a9c5bb091ed488e75e3df5ae4f.json.
2025-06-19 14:36:57,647 [WARNING] \u26a0\ufe0f No DB match for email 'adnanesaadouni99@gmail.com' in fcbfab2f4cda26061ed9e3ee96a4fd61.json.
2025-06-19 14:36:57,681 [INFO] \u2705 Enriched fccb3cdc9acc14a6e70a12f74560c026.json with DB info.
2025-06-19 14:36:57,718 [WARNING] \u26a0\ufe0f No DB match for email 'brahim.fassih@gmail.com' in fd1095d744e5a2ba86ca7a9870aa6730.json.
2025-06-19 14:36:57,760 [INFO] \u2705 Enriched fd40463bdad3ce3d82883121161c416e.json with DB info.
2025-06-19 14:36:57,806 [INFO] \u2705 Enriched fd8979ada2fd5bab05e9c5f035a5c4c7.json with DB info.
2025-06-19 14:36:57,845 [INFO] \u2705 Enriched fda6baab618b39821b678bd52ff26428.json with DB info.
2025-06-19 14:36:57,888 [WARNING] \u26a0\ufe0f No DB match for email 'youssef.gazmiri@gmail.com' in fdb2c3bab9d0701c4a050a4d8d782c7f.json.
2025-06-19 14:36:57,929 [INFO] \u2705 Enriched fde9264cf376fffe2ee4ddf4a988880d.json with DB info.
2025-06-19 14:36:57,969 [INFO] \u2705 Enriched fdfb747f3811c255ad0e32fce91d72df.json with DB info.
2025-06-19 14:36:57,981 [WARNING] \u274c Skipped fe27f92b1e3f4997567807f38d567a35.json: No email field found.
2025-06-19 14:36:58,020 [INFO] \u2705 Enriched fe7ee8fc1959cc7214fa21c4840dff0a.json with DB info.
2025-06-19 14:36:58,061 [INFO] \u2705 Enriched fea33a31df7d05a276193d32621ecbe4.json with DB info.
2025-06-19 14:36:58,101 [INFO] \u2705 Enriched fea427597536f3e21482196d31927037.json with DB info.
2025-06-19 14:36:58,138 [INFO] \u2705 Enriched fedc604da8b0f9af74b6cfc0fab2163c.json with DB info.
2025-06-19 14:36:58,177 [INFO] \u2705 Enriched feeef9bd04fac1765263893621bb4811.json with DB info.
2025-06-19 14:36:58,188 [WARNING] \u274c Skipped ff2d5fc3ab1932df3c00308bead36006.json: No email field found.
2025-06-19 14:36:58,224 [INFO] \u2705 Enriched ff356077cd5c5aed76a08459f3b6416d.json with DB info.
2025-06-19 14:36:58,262 [INFO] \u2705 Enriched fffb8ef15de06d87e6ba6c830f3b6284.json with DB info.
2025-06-19 14:36:58,263 [INFO] \U0001f3c1 Enrichment process complete.
